Invoice_ID,Date,Branch,City,Customer_Type,Gender,Product_Line,Unit_Price,Quantity,Tax_5pct,Total_Sales,Payment_Method,COGS,Gross_Income,Rating
INV-00001,2025-02-27,C,Naypyitaw,Member,Male,Health and beauty,150.89,4,30.18,633.74,Ewallet,603.56,30.18,4.6
INV-00002,2025-10-07,C,Naypyitaw,Member,Male,Health and beauty,122.19,1,6.11,128.3,Cash,122.19,6.11,5.4
INV-00003,2025-01-14,C,Naypyitaw,Normal,Male,Food and beverages,47.78,9,21.5,451.52,Credit card,430.02,21.5,7.5
INV-00004,2025-03-23,A,Yangon,Member,Male,Fashion accessories,90.3,5,22.58,474.08,Credit card,451.5,22.58,4.6
INV-00005,2025-02-19,B,Mandalay,Normal,Male,Home and lifestyle,171.02,10,85.51,1795.71,Ewallet,1710.2,85.51,6.8
INV-00006,2025-07-13,A,Yangon,Normal,Male,Health and beauty,114.89,10,57.45,1206.35,Ewallet,1148.9,57.45,4.4
INV-00007,2025-04-27,C,Naypyitaw,Member,Female,Home and lifestyle,197.19,4,39.44,828.2,Credit card,788.76,39.44,6.7
INV-00008,2025-03-25,B,Mandalay,Member,Male,Home and lifestyle,77.5,5,19.38,406.88,Ewallet,387.5,19.38,8.4
INV-00009,2025-08-25,A,Yangon,Member,Female,Sports and travel,61.29,9,27.58,579.19,Cash,551.61,27.58,5.4
INV-00010,2025-06-11,A,Yangon,Normal,Male,Sports and travel,60.87,4,12.17,255.65,Ewallet,243.48,12.17,7.0
INV-00011,2025-08-23,C,Naypyitaw,Normal,Female,Electronic accessories,60.33,4,12.07,253.39,Ewallet,241.32,12.07,6.4
INV-00012,2025-03-12,A,Yangon,Member,Male,Food and beverages,103.77,1,5.19,108.96,Ewallet,103.77,5.19,5.0
INV-00013,2025-08-05,C,Naypyitaw,Normal,Female,Food and beverages,22.07,7,7.72,162.21,Ewallet,154.49,7.72,9.2
INV-00014,2025-12-15,A,Yangon,Normal,Female,Fashion accessories,31.76,9,14.29,300.13,Cash,285.84,14.29,5.8
INV-00015,2025-08-21,A,Yangon,Member,Male,Health and beauty,191.23,5,47.81,1003.96,Ewallet,956.15,47.81,5.8
INV-00016,2025-09-17,C,Naypyitaw,Member,Male,Food and beverages,47.79,6,14.34,301.08,Ewallet,286.74,14.34,5.9
INV-00017,2025-02-27,A,Yangon,Member,Male,Home and lifestyle,176.96,5,44.24,929.04,Cash,884.8,44.24,9.3
INV-00018,2025-02-13,A,Yangon,Member,Male,Fashion accessories,102.34,2,10.23,214.91,Ewallet,204.68,10.23,6.9
INV-00019,2025-03-26,C,Naypyitaw,Normal,Male,Home and lifestyle,110.26,10,55.13,1157.73,Ewallet,1102.6,55.13,8.5
INV-00020,2025-04-13,C,Naypyitaw,Normal,Female,Fashion accessories,69.23,6,20.77,436.15,Cash,415.38,20.77,5.5
INV-00021,2025-06-23,A,Yangon,Member,Male,Health and beauty,121.78,4,24.36,511.48,Cash,487.12,24.36,8.2
INV-00022,2025-04-28,A,Yangon,Member,Male,Health and beauty,182.03,6,54.61,1146.79,Credit card,1092.18,54.61,8.0
INV-00023,2025-10-04,A,Yangon,Normal,Male,Electronic accessories,147.44,10,73.72,1548.12,Credit card,1474.4,73.72,8.8
INV-00024,2025-02-18,A,Yangon,Normal,Female,Health and beauty,135.21,6,40.56,851.82,Credit card,811.26,40.56,9.2
INV-00025,2025-12-11,A,Yangon,Member,Female,Fashion accessories,196.99,2,19.7,413.68,Ewallet,393.98,19.7,6.0
INV-00026,2025-05-08,A,Yangon,Member,Female,Electronic accessories,46.14,8,18.46,387.58,Cash,369.12,18.46,5.7
INV-00027,2025-02-08,A,Yangon,Member,Male,Sports and travel,163.52,9,73.58,1545.26,Ewallet,1471.68,73.58,10.0
INV-00028,2025-02-17,A,Yangon,Normal,Male,Electronic accessories,41.6,8,16.64,349.44,Credit card,332.8,16.64,9.4
INV-00029,2025-07-14,A,Yangon,Normal,Female,Health and beauty,197.21,5,49.3,1035.35,Credit card,986.05,49.3,8.2
INV-00030,2025-10-12,C,Naypyitaw,Member,Female,Fashion accessories,146.5,3,21.98,461.48,Cash,439.5,21.98,9.8
INV-00031,2025-10-05,C,Naypyitaw,Member,Female,Health and beauty,152.12,1,7.61,159.73,Ewallet,152.12,7.61,9.5
INV-00032,2025-03-22,C,Naypyitaw,Member,Male,Health and beauty,192.55,2,19.26,404.36,Ewallet,385.1,19.26,4.4
INV-00033,2025-07-26,A,Yangon,Member,Male,Health and beauty,188.9,10,94.45,1983.45,Ewallet,1889.0,94.45,4.5
INV-00034,2025-10-26,C,Naypyitaw,Member,Female,Food and beverages,109.33,5,27.33,573.98,Cash,546.65,27.33,5.6
INV-00035,2025-12-10,A,Yangon,Member,Male,Fashion accessories,67.0,6,20.1,422.1,Credit card,402.0,20.1,7.7
INV-00036,2025-02-21,C,Naypyitaw,Normal,Male,Health and beauty,112.15,9,50.47,1059.82,Credit card,1009.35,50.47,9.3
INV-00037,2025-07-09,A,Yangon,Normal,Male,Home and lifestyle,39.97,9,17.99,377.72,Ewallet,359.73,17.99,8.9
INV-00038,2025-12-06,B,Mandalay,Normal,Male,Health and beauty,188.4,3,28.26,593.46,Cash,565.2,28.26,8.5
INV-00039,2025-05-20,A,Yangon,Member,Female,Home and lifestyle,124.92,6,37.48,787.0,Ewallet,749.52,37.48,6.9
INV-00040,2025-02-17,A,Yangon,Member,Male,Fashion accessories,90.48,5,22.62,475.02,Credit card,452.4,22.62,8.6
INV-00041,2025-05-15,C,Naypyitaw,Normal,Male,Electronic accessories,150.83,9,67.87,1425.34,Cash,1357.47,67.87,4.5
INV-00042,2025-03-18,C,Naypyitaw,Member,Female,Food and beverages,16.85,6,5.06,106.16,Cash,101.1,5.06,4.3
INV-00043,2025-01-21,B,Mandalay,Member,Female,Home and lifestyle,49.91,4,9.98,209.62,Ewallet,199.64,9.98,9.3
INV-00044,2025-11-14,B,Mandalay,Member,Male,Fashion accessories,39.37,4,7.87,165.35,Credit card,157.48,7.87,4.1
INV-00045,2025-06-20,C,Naypyitaw,Normal,Male,Sports and travel,162.42,4,32.48,682.16,Ewallet,649.68,32.48,4.6
INV-00046,2025-08-29,A,Yangon,Normal,Female,Electronic accessories,47.92,8,19.17,402.53,Cash,383.36,19.17,5.3
INV-00047,2025-04-09,C,Naypyitaw,Normal,Female,Sports and travel,72.37,2,7.24,151.98,Ewallet,144.74,7.24,7.1
INV-00048,2025-10-02,C,Naypyitaw,Normal,Male,Home and lifestyle,188.46,2,18.85,395.77,Ewallet,376.92,18.85,9.8
INV-00049,2025-01-20,B,Mandalay,Normal,Female,Health and beauty,123.35,6,37.0,777.1,Ewallet,740.1,37.0,9.9
INV-00050,2025-07-17,A,Yangon,Normal,Male,Food and beverages,46.11,1,2.31,48.42,Ewallet,46.11,2.31,9.6
INV-00051,2025-12-18,C,Naypyitaw,Normal,Female,Fashion accessories,188.65,4,37.73,792.33,Cash,754.6,37.73,9.7
INV-00052,2025-11-16,B,Mandalay,Normal,Female,Home and lifestyle,136.04,2,13.6,285.68,Ewallet,272.08,13.6,6.5
INV-00053,2025-12-23,B,Mandalay,Normal,Female,Home and lifestyle,115.34,4,23.07,484.43,Ewallet,461.36,23.07,8.5
INV-00054,2025-11-12,A,Yangon,Member,Female,Food and beverages,67.18,9,30.23,634.85,Credit card,604.62,30.23,5.3
INV-00055,2025-11-07,C,Naypyitaw,Normal,Male,Fashion accessories,71.23,8,28.49,598.33,Ewallet,569.84,28.49,6.8
INV-00056,2025-03-28,C,Naypyitaw,Normal,Male,Fashion accessories,26.11,9,11.75,246.74,Cash,234.99,11.75,8.0
INV-00057,2025-04-12,A,Yangon,Normal,Male,Electronic accessories,14.64,4,2.93,61.49,Credit card,58.56,2.93,6.5
INV-00058,2025-10-22,C,Naypyitaw,Normal,Female,Electronic accessories,146.49,7,51.27,1076.7,Cash,1025.43,51.27,4.9
INV-00059,2025-01-03,C,Naypyitaw,Member,Female,Health and beauty,157.9,4,31.58,663.18,Cash,631.6,31.58,7.3
INV-00060,2025-08-22,A,Yangon,Normal,Female,Electronic accessories,162.27,9,73.02,1533.45,Ewallet,1460.43,73.02,8.9
INV-00061,2025-08-07,C,Naypyitaw,Normal,Female,Food and beverages,94.72,3,14.21,298.37,Credit card,284.16,14.21,8.5
INV-00062,2025-05-22,C,Naypyitaw,Normal,Female,Food and beverages,102.07,4,20.41,428.69,Cash,408.28,20.41,8.3
INV-00063,2025-05-20,A,Yangon,Member,Male,Home and lifestyle,70.74,9,31.83,668.49,Cash,636.66,31.83,5.4
INV-00064,2025-03-20,C,Naypyitaw,Normal,Female,Fashion accessories,50.65,7,17.73,372.28,Ewallet,354.55,17.73,6.8
INV-00065,2025-04-16,A,Yangon,Member,Female,Sports and travel,84.0,10,42.0,882.0,Credit card,840.0,42.0,4.0
INV-00066,2025-06-02,B,Mandalay,Member,Female,Sports and travel,172.16,7,60.26,1265.38,Cash,1205.12,60.26,5.6
INV-00067,2025-01-15,B,Mandalay,Member,Female,Sports and travel,73.86,7,25.85,542.87,Cash,517.02,25.85,9.9
INV-00068,2025-01-14,C,Naypyitaw,Member,Female,Sports and travel,122.46,1,6.12,128.58,Cash,122.46,6.12,9.2
INV-00069,2025-01-26,A,Yangon,Normal,Female,Home and lifestyle,82.03,4,16.41,344.53,Credit card,328.12,16.41,8.6
INV-00070,2025-05-23,B,Mandalay,Normal,Male,Sports and travel,57.93,2,5.79,121.65,Ewallet,115.86,5.79,7.2
INV-00071,2025-04-25,B,Mandalay,Member,Male,Fashion accessories,23.04,1,1.15,24.19,Cash,23.04,1.15,9.0
INV-00072,2025-03-20,C,Naypyitaw,Member,Female,Electronic accessories,33.98,2,3.4,71.36,Ewallet,67.96,3.4,5.5
INV-00073,2025-03-27,B,Mandalay,Member,Female,Food and beverages,125.38,2,12.54,263.3,Cash,250.76,12.54,7.5
INV-00074,2025-10-22,B,Mandalay,Normal,Male,Fashion accessories,182.52,7,63.88,1341.52,Cash,1277.64,63.88,7.6
INV-00075,2025-05-05,C,Naypyitaw,Member,Male,Health and beauty,142.47,5,35.62,747.97,Credit card,712.35,35.62,7.2
INV-00076,2025-07-09,C,Naypyitaw,Member,Female,Health and beauty,106.13,6,31.84,668.62,Credit card,636.78,31.84,4.6
INV-00077,2025-11-22,B,Mandalay,Member,Female,Sports and travel,144.39,7,50.54,1061.27,Ewallet,1010.73,50.54,8.8
INV-00078,2025-09-05,C,Naypyitaw,Normal,Female,Sports and travel,92.76,10,46.38,973.98,Cash,927.6,46.38,9.0
INV-00079,2025-05-23,A,Yangon,Normal,Female,Sports and travel,56.33,8,22.53,473.17,Cash,450.64,22.53,7.0
INV-00080,2025-04-04,B,Mandalay,Normal,Female,Sports and travel,50.3,5,12.58,264.08,Ewallet,251.5,12.58,8.2
INV-00081,2025-10-12,B,Mandalay,Member,Male,Health and beauty,108.16,4,21.63,454.27,Ewallet,432.64,21.63,6.4
INV-00082,2025-05-04,C,Naypyitaw,Normal,Male,Fashion accessories,100.46,8,40.18,843.86,Cash,803.68,40.18,5.8
INV-00083,2025-12-21,B,Mandalay,Normal,Female,Electronic accessories,68.18,10,34.09,715.89,Ewallet,681.8,34.09,7.2
INV-00084,2025-10-09,B,Mandalay,Normal,Female,Home and lifestyle,76.84,8,30.74,645.46,Credit card,614.72,30.74,5.4
INV-00085,2025-04-09,C,Naypyitaw,Member,Male,Home and lifestyle,32.72,9,14.72,309.2,Cash,294.48,14.72,8.4
INV-00086,2025-10-29,B,Mandalay,Member,Female,Food and beverages,123.39,2,12.34,259.12,Cash,246.78,12.34,6.2
INV-00087,2025-01-08,B,Mandalay,Member,Male,Fashion accessories,111.49,5,27.87,585.32,Ewallet,557.45,27.87,5.8
INV-00088,2025-11-23,A,Yangon,Normal,Female,Sports and travel,29.49,1,1.47,30.96,Credit card,29.49,1.47,6.6
INV-00089,2025-01-27,A,Yangon,Member,Male,Home and lifestyle,188.8,8,75.52,1585.92,Credit card,1510.4,75.52,7.0
INV-00090,2025-11-19,C,Naypyitaw,Normal,Male,Fashion accessories,20.19,3,3.03,63.6,Cash,60.57,3.03,4.7
INV-00091,2025-11-07,B,Mandalay,Normal,Female,Food and beverages,160.24,4,32.05,673.01,Credit card,640.96,32.05,5.8
INV-00092,2025-08-08,C,Naypyitaw,Member,Male,Home and lifestyle,118.04,1,5.9,123.94,Ewallet,118.04,5.9,5.3
INV-00093,2025-02-11,C,Naypyitaw,Member,Male,Electronic accessories,55.57,9,25.01,525.14,Cash,500.13,25.01,6.5
INV-00094,2025-11-01,C,Naypyitaw,Normal,Female,Sports and travel,65.34,4,13.07,274.43,Ewallet,261.36,13.07,9.2
INV-00095,2025-12-18,A,Yangon,Member,Female,Electronic accessories,185.54,10,92.77,1948.17,Cash,1855.4,92.77,7.3
INV-00096,2025-03-18,C,Naypyitaw,Member,Male,Home and lifestyle,167.06,2,16.71,350.83,Credit card,334.12,16.71,7.6
INV-00097,2025-05-28,C,Naypyitaw,Normal,Female,Sports and travel,33.63,5,8.41,176.56,Ewallet,168.15,8.41,7.2
INV-00098,2025-02-11,B,Mandalay,Normal,Female,Food and beverages,17.57,7,6.15,129.14,Cash,122.99,6.15,4.5
INV-00099,2025-10-22,C,Naypyitaw,Member,Male,Food and beverages,190.65,5,47.66,1000.91,Credit card,953.25,47.66,7.1
INV-00100,2025-05-23,B,Mandalay,Normal,Male,Electronic accessories,199.42,7,69.8,1465.74,Credit card,1395.94,69.8,6.1
INV-00101,2025-06-14,B,Mandalay,Normal,Female,Fashion accessories,29.87,3,4.48,94.09,Ewallet,89.61,4.48,7.0
INV-00102,2025-07-25,C,Naypyitaw,Normal,Female,Food and beverages,16.97,2,1.7,35.64,Credit card,33.94,1.7,4.7
INV-00103,2025-09-21,B,Mandalay,Normal,Female,Health and beauty,134.96,9,60.73,1275.37,Cash,1214.64,60.73,5.1
INV-00104,2025-11-15,B,Mandalay,Member,Female,Sports and travel,128.83,1,6.44,135.27,Ewallet,128.83,6.44,4.8
INV-00105,2025-08-13,B,Mandalay,Member,Male,Fashion accessories,102.1,1,5.11,107.21,Credit card,102.1,5.11,7.3
INV-00106,2025-07-28,C,Naypyitaw,Normal,Male,Health and beauty,52.69,2,5.27,110.65,Ewallet,105.38,5.27,9.0
INV-00107,2025-05-30,B,Mandalay,Normal,Female,Food and beverages,144.03,7,50.41,1058.62,Cash,1008.21,50.41,6.7
INV-00108,2025-07-16,A,Yangon,Member,Male,Electronic accessories,185.15,9,83.32,1749.67,Credit card,1666.35,83.32,8.6
INV-00109,2025-06-24,B,Mandalay,Normal,Female,Food and beverages,60.76,1,3.04,63.8,Ewallet,60.76,3.04,7.5
INV-00110,2025-09-08,C,Naypyitaw,Normal,Female,Electronic accessories,94.84,8,37.94,796.66,Ewallet,758.72,37.94,8.6
INV-00111,2025-08-22,B,Mandalay,Normal,Male,Home and lifestyle,175.22,4,35.04,735.92,Credit card,700.88,35.04,4.3
INV-00112,2025-08-31,C,Naypyitaw,Normal,Male,Fashion accessories,183.55,7,64.24,1349.09,Credit card,1284.85,64.24,9.8
INV-00113,2025-09-15,A,Yangon,Normal,Male,Food and beverages,73.08,2,7.31,153.47,Ewallet,146.16,7.31,9.5
INV-00114,2025-03-15,A,Yangon,Member,Female,Sports and travel,175.48,3,26.32,552.76,Credit card,526.44,26.32,6.0
INV-00115,2025-07-23,C,Naypyitaw,Normal,Female,Fashion accessories,25.26,6,7.58,159.14,Ewallet,151.56,7.58,8.3
INV-00116,2025-10-05,B,Mandalay,Normal,Male,Health and beauty,127.32,4,25.46,534.74,Ewallet,509.28,25.46,4.5
INV-00117,2025-11-21,A,Yangon,Member,Female,Fashion accessories,175.79,8,70.32,1476.64,Cash,1406.32,70.32,4.3
INV-00118,2025-05-31,A,Yangon,Member,Female,Home and lifestyle,81.22,3,12.18,255.84,Ewallet,243.66,12.18,8.1
INV-00119,2025-03-29,A,Yangon,Member,Female,Electronic accessories,25.0,7,8.75,183.75,Ewallet,175.0,8.75,4.9
INV-00120,2025-11-23,B,Mandalay,Normal,Female,Home and lifestyle,97.32,1,4.87,102.19,Ewallet,97.32,4.87,7.3
INV-00121,2025-08-15,A,Yangon,Normal,Female,Home and lifestyle,197.65,5,49.41,1037.66,Credit card,988.25,49.41,9.1
INV-00122,2025-07-16,A,Yangon,Normal,Female,Sports and travel,30.26,7,10.59,222.41,Ewallet,211.82,10.59,5.8
INV-00123,2025-07-22,C,Naypyitaw,Normal,Female,Home and lifestyle,11.54,1,0.58,12.12,Cash,11.54,0.58,7.6
INV-00124,2025-04-23,B,Mandalay,Member,Male,Fashion accessories,46.13,5,11.53,242.18,Ewallet,230.65,11.53,7.9
INV-00125,2025-08-14,B,Mandalay,Member,Female,Health and beauty,120.12,3,18.02,378.38,Credit card,360.36,18.02,8.5
INV-00126,2025-04-13,A,Yangon,Normal,Male,Electronic accessories,159.44,6,47.83,1004.47,Credit card,956.64,47.83,9.5
INV-00127,2025-06-01,B,Mandalay,Normal,Male,Fashion accessories,175.38,2,17.54,368.3,Cash,350.76,17.54,8.5
INV-00128,2025-12-13,A,Yangon,Normal,Male,Fashion accessories,138.14,7,48.35,1015.33,Credit card,966.98,48.35,4.1
INV-00129,2025-03-05,C,Naypyitaw,Normal,Female,Sports and travel,80.03,5,20.01,420.16,Cash,400.15,20.01,8.0
INV-00130,2025-01-13,B,Mandalay,Normal,Male,Food and beverages,178.0,9,80.1,1682.1,Ewallet,1602.0,80.1,4.4
INV-00131,2025-12-25,B,Mandalay,Member,Male,Home and lifestyle,133.36,2,13.34,280.06,Cash,266.72,13.34,5.8
INV-00132,2025-03-01,B,Mandalay,Member,Female,Health and beauty,54.61,9,24.57,516.06,Credit card,491.49,24.57,6.2
INV-00133,2025-12-23,C,Naypyitaw,Normal,Male,Food and beverages,89.63,3,13.44,282.33,Credit card,268.89,13.44,7.7
INV-00134,2025-01-17,B,Mandalay,Normal,Male,Fashion accessories,80.4,8,32.16,675.36,Credit card,643.2,32.16,4.6
INV-00135,2025-07-08,C,Naypyitaw,Member,Female,Food and beverages,181.32,6,54.4,1142.32,Credit card,1087.92,54.4,5.1
INV-00136,2025-08-21,A,Yangon,Member,Male,Health and beauty,135.93,10,67.97,1427.27,Credit card,1359.3,67.97,5.5
INV-00137,2025-10-17,A,Yangon,Member,Male,Electronic accessories,23.04,9,10.37,217.73,Cash,207.36,10.37,6.0
INV-00138,2025-11-02,A,Yangon,Member,Female,Health and beauty,62.68,3,9.4,197.44,Cash,188.04,9.4,4.7
INV-00139,2025-03-09,A,Yangon,Normal,Male,Health and beauty,78.07,4,15.61,327.89,Cash,312.28,15.61,5.6
INV-00140,2025-08-04,A,Yangon,Normal,Female,Food and beverages,31.59,2,3.16,66.34,Credit card,63.18,3.16,7.1
INV-00141,2025-08-20,A,Yangon,Member,Female,Food and beverages,52.09,10,26.05,546.95,Credit card,520.9,26.05,7.9
INV-00142,2025-02-01,A,Yangon,Member,Female,Sports and travel,170.99,7,59.85,1256.78,Ewallet,1196.93,59.85,9.5
INV-00143,2025-02-11,A,Yangon,Member,Female,Home and lifestyle,125.58,2,12.56,263.72,Ewallet,251.16,12.56,7.8
INV-00144,2025-12-31,C,Naypyitaw,Normal,Female,Home and lifestyle,82.37,10,41.19,864.89,Ewallet,823.7,41.19,7.6
INV-00145,2025-12-26,A,Yangon,Member,Female,Health and beauty,172.03,9,77.41,1625.68,Credit card,1548.27,77.41,9.3
INV-00146,2025-06-23,B,Mandalay,Normal,Female,Sports and travel,85.76,2,8.58,180.1,Credit card,171.52,8.58,8.0
INV-00147,2025-03-20,B,Mandalay,Member,Male,Fashion accessories,185.37,2,18.54,389.28,Cash,370.74,18.54,6.6
INV-00148,2025-07-10,C,Naypyitaw,Normal,Male,Electronic accessories,115.71,10,57.85,1214.95,Credit card,1157.1,57.85,6.1
INV-00149,2025-08-05,C,Naypyitaw,Normal,Female,Fashion accessories,19.77,5,4.94,103.79,Cash,98.85,4.94,7.5
INV-00150,2025-03-21,A,Yangon,Normal,Female,Fashion accessories,101.62,2,10.16,213.4,Cash,203.24,10.16,8.6
INV-00151,2025-04-26,C,Naypyitaw,Member,Female,Sports and travel,170.58,10,85.29,1791.09,Cash,1705.8,85.29,5.1
INV-00152,2025-06-08,C,Naypyitaw,Member,Female,Home and lifestyle,76.69,3,11.5,241.57,Cash,230.07,11.5,4.9
INV-00153,2025-01-16,C,Naypyitaw,Normal,Female,Health and beauty,151.76,4,30.35,637.39,Credit card,607.04,30.35,6.0
INV-00154,2025-06-09,B,Mandalay,Member,Male,Fashion accessories,71.63,10,35.81,752.11,Cash,716.3,35.81,4.9
INV-00155,2025-01-26,C,Naypyitaw,Normal,Female,Fashion accessories,25.5,8,10.2,214.2,Ewallet,204.0,10.2,6.7
INV-00156,2025-04-21,B,Mandalay,Member,Female,Food and beverages,31.63,7,11.07,232.48,Ewallet,221.41,11.07,8.1
INV-00157,2025-09-27,B,Mandalay,Normal,Male,Fashion accessories,68.6,4,13.72,288.12,Cash,274.4,13.72,5.2
INV-00158,2025-03-12,A,Yangon,Member,Female,Home and lifestyle,64.99,2,6.5,136.48,Ewallet,129.98,6.5,6.6
INV-00159,2025-07-14,A,Yangon,Normal,Male,Food and beverages,143.7,9,64.67,1357.97,Credit card,1293.3,64.67,9.2
INV-00160,2025-08-12,A,Yangon,Normal,Female,Health and beauty,97.35,2,9.73,204.43,Ewallet,194.7,9.73,6.4
INV-00161,2025-08-02,C,Naypyitaw,Normal,Male,Home and lifestyle,31.88,1,1.59,33.47,Ewallet,31.88,1.59,6.8
INV-00162,2025-07-05,C,Naypyitaw,Member,Female,Health and beauty,92.98,2,9.3,195.26,Ewallet,185.96,9.3,6.4
INV-00163,2025-07-22,A,Yangon,Normal,Male,Home and lifestyle,151.7,4,30.34,637.14,Cash,606.8,30.34,7.1
INV-00164,2025-09-29,A,Yangon,Normal,Male,Food and beverages,46.84,6,14.05,295.09,Cash,281.04,14.05,4.6
INV-00165,2025-04-12,B,Mandalay,Member,Female,Electronic accessories,124.46,2,12.45,261.37,Credit card,248.92,12.45,8.5
INV-00166,2025-08-18,C,Naypyitaw,Normal,Female,Fashion accessories,185.59,10,92.8,1948.7,Cash,1855.9,92.8,6.6
INV-00167,2025-08-15,B,Mandalay,Member,Female,Fashion accessories,67.54,5,16.89,354.59,Ewallet,337.7,16.89,4.4
INV-00168,2025-08-20,B,Mandalay,Member,Male,Health and beauty,20.81,5,5.2,109.25,Ewallet,104.05,5.2,7.6
INV-00169,2025-08-25,B,Mandalay,Normal,Male,Food and beverages,115.32,1,5.77,121.09,Credit card,115.32,5.77,7.6
INV-00170,2025-03-19,C,Naypyitaw,Member,Male,Health and beauty,95.6,6,28.68,602.28,Cash,573.6,28.68,5.5
INV-00171,2025-08-13,B,Mandalay,Normal,Female,Food and beverages,109.32,3,16.4,344.36,Credit card,327.96,16.4,6.3
INV-00172,2025-12-14,B,Mandalay,Member,Female,Food and beverages,19.95,6,5.98,125.68,Cash,119.7,5.98,7.3
INV-00173,2025-05-26,B,Mandalay,Member,Female,Home and lifestyle,147.51,10,73.75,1548.85,Cash,1475.1,73.75,7.5
INV-00174,2025-06-29,A,Yangon,Member,Male,Home and lifestyle,193.86,7,67.85,1424.87,Credit card,1357.02,67.85,7.4
INV-00175,2025-06-18,C,Naypyitaw,Member,Female,Electronic accessories,137.32,9,61.79,1297.67,Ewallet,1235.88,61.79,6.2
INV-00176,2025-06-08,B,Mandalay,Normal,Male,Electronic accessories,190.72,6,57.22,1201.54,Cash,1144.32,57.22,10.0
INV-00177,2025-02-09,A,Yangon,Member,Female,Home and lifestyle,170.44,2,17.04,357.92,Ewallet,340.88,17.04,4.8
INV-00178,2025-03-20,B,Mandalay,Member,Female,Electronic accessories,44.36,10,22.18,465.78,Cash,443.6,22.18,6.5
INV-00179,2025-05-02,C,Naypyitaw,Member,Male,Sports and travel,126.01,8,50.4,1058.48,Credit card,1008.08,50.4,9.8
INV-00180,2025-04-10,B,Mandalay,Normal,Female,Home and lifestyle,138.88,10,69.44,1458.24,Credit card,1388.8,69.44,8.7
INV-00181,2025-09-28,C,Naypyitaw,Member,Female,Sports and travel,193.59,4,38.72,813.08,Cash,774.36,38.72,7.8
INV-00182,2025-10-11,B,Mandalay,Member,Female,Health and beauty,145.17,9,65.33,1371.86,Cash,1306.53,65.33,8.6
INV-00183,2025-08-19,B,Mandalay,Member,Male,Food and beverages,38.0,7,13.3,279.3,Credit card,266.0,13.3,9.3
INV-00184,2025-08-01,A,Yangon,Member,Female,Health and beauty,85.33,6,25.6,537.58,Cash,511.98,25.6,6.2
INV-00185,2025-06-13,A,Yangon,Member,Male,Health and beauty,169.44,6,50.83,1067.47,Cash,1016.64,50.83,5.7
INV-00186,2025-12-23,B,Mandalay,Normal,Male,Electronic accessories,154.18,8,61.67,1295.11,Cash,1233.44,61.67,4.1
INV-00187,2025-03-18,A,Yangon,Normal,Male,Food and beverages,188.64,10,94.32,1980.72,Credit card,1886.4,94.32,5.4
INV-00188,2025-01-25,A,Yangon,Normal,Male,Electronic accessories,89.77,10,44.88,942.58,Cash,897.7,44.88,9.0
INV-00189,2025-11-02,B,Mandalay,Member,Male,Food and beverages,13.12,9,5.9,123.98,Credit card,118.08,5.9,6.6
INV-00190,2025-06-30,C,Naypyitaw,Member,Female,Electronic accessories,118.43,3,17.76,373.05,Cash,355.29,17.76,9.7
INV-00191,2025-09-17,C,Naypyitaw,Normal,Male,Food and beverages,115.29,7,40.35,847.38,Ewallet,807.03,40.35,6.3
INV-00192,2025-05-10,B,Mandalay,Normal,Male,Fashion accessories,13.09,2,1.31,27.49,Ewallet,26.18,1.31,7.9
INV-00193,2025-10-25,A,Yangon,Member,Female,Fashion accessories,153.77,3,23.07,484.38,Ewallet,461.31,23.07,6.0
INV-00194,2025-03-31,C,Naypyitaw,Member,Male,Fashion accessories,98.28,8,39.31,825.55,Cash,786.24,39.31,8.3
INV-00195,2025-01-19,B,Mandalay,Member,Female,Home and lifestyle,48.3,4,9.66,202.86,Credit card,193.2,9.66,7.1
INV-00196,2025-08-31,C,Naypyitaw,Normal,Female,Home and lifestyle,16.96,4,3.39,71.23,Cash,67.84,3.39,9.2
INV-00197,2025-05-20,B,Mandalay,Normal,Female,Health and beauty,161.88,7,56.66,1189.82,Credit card,1133.16,56.66,6.0
INV-00198,2025-09-12,A,Yangon,Normal,Male,Fashion accessories,104.53,9,47.04,987.81,Ewallet,940.77,47.04,6.5
INV-00199,2025-11-05,B,Mandalay,Member,Male,Electronic accessories,113.64,6,34.09,715.93,Credit card,681.84,34.09,8.0
INV-00200,2025-08-17,B,Mandalay,Normal,Female,Food and beverages,146.36,3,21.95,461.03,Credit card,439.08,21.95,4.3
INV-00201,2025-11-11,B,Mandalay,Member,Female,Sports and travel,62.17,1,3.11,65.28,Credit card,62.17,3.11,7.1
INV-00202,2025-12-14,C,Naypyitaw,Normal,Male,Electronic accessories,191.03,3,28.65,601.74,Cash,573.09,28.65,4.4
INV-00203,2025-07-07,C,Naypyitaw,Member,Male,Home and lifestyle,82.74,10,41.37,868.77,Ewallet,827.4,41.37,6.7
INV-00204,2025-07-10,B,Mandalay,Member,Female,Sports and travel,154.99,10,77.5,1627.4,Credit card,1549.9,77.5,5.9
INV-00205,2025-05-08,B,Mandalay,Normal,Female,Health and beauty,14.92,3,2.24,47.0,Ewallet,44.76,2.24,4.7
INV-00206,2025-12-27,B,Mandalay,Normal,Female,Sports and travel,50.77,10,25.39,533.09,Cash,507.7,25.39,4.7
INV-00207,2025-08-20,A,Yangon,Member,Female,Electronic accessories,180.75,8,72.3,1518.3,Ewallet,1446.0,72.3,6.1
INV-00208,2025-10-09,A,Yangon,Member,Male,Food and beverages,65.17,5,16.29,342.14,Credit card,325.85,16.29,7.1
INV-00209,2025-04-13,A,Yangon,Member,Female,Electronic accessories,54.98,8,21.99,461.83,Ewallet,439.84,21.99,7.4
INV-00210,2025-10-10,B,Mandalay,Member,Female,Electronic accessories,126.27,2,12.63,265.17,Credit card,252.54,12.63,10.0
INV-00211,2025-09-03,C,Naypyitaw,Member,Male,Food and beverages,88.05,7,30.82,647.17,Credit card,616.35,30.82,7.9
INV-00212,2025-08-27,B,Mandalay,Member,Male,Fashion accessories,108.3,3,16.25,341.15,Credit card,324.9,16.25,7.0
INV-00213,2025-03-05,A,Yangon,Member,Female,Food and beverages,39.07,3,5.86,123.07,Ewallet,117.21,5.86,5.4
INV-00214,2025-05-26,C,Naypyitaw,Normal,Male,Health and beauty,57.62,9,25.93,544.51,Ewallet,518.58,25.93,5.8
INV-00215,2025-02-17,C,Naypyitaw,Member,Male,Food and beverages,131.79,10,65.89,1383.79,Ewallet,1317.9,65.89,7.7
INV-00216,2025-06-22,C,Naypyitaw,Member,Male,Food and beverages,17.83,1,0.89,18.72,Ewallet,17.83,0.89,8.6
INV-00217,2025-11-30,B,Mandalay,Member,Female,Electronic accessories,155.72,7,54.5,1144.54,Ewallet,1090.04,54.5,7.3
INV-00218,2025-06-04,C,Naypyitaw,Normal,Female,Sports and travel,56.53,7,19.79,415.5,Cash,395.71,19.79,8.1
INV-00219,2025-08-14,A,Yangon,Normal,Male,Sports and travel,102.01,4,20.4,428.44,Credit card,408.04,20.4,9.2
INV-00220,2025-06-26,B,Mandalay,Member,Female,Sports and travel,34.85,6,10.46,219.56,Cash,209.1,10.46,6.8
INV-00221,2025-08-19,B,Mandalay,Normal,Female,Electronic accessories,36.77,1,1.84,38.61,Ewallet,36.77,1.84,6.5
INV-00222,2025-06-17,A,Yangon,Member,Female,Food and beverages,147.01,4,29.4,617.44,Ewallet,588.04,29.4,6.8
INV-00223,2025-09-12,B,Mandalay,Normal,Male,Health and beauty,27.11,7,9.49,199.26,Cash,189.77,9.49,7.5
INV-00224,2025-01-26,A,Yangon,Normal,Male,Home and lifestyle,104.03,8,41.61,873.85,Cash,832.24,41.61,6.6
INV-00225,2025-07-07,B,Mandalay,Member,Male,Sports and travel,79.53,7,27.84,584.55,Credit card,556.71,27.84,7.3
INV-00226,2025-07-17,A,Yangon,Normal,Male,Food and beverages,95.57,9,43.01,903.14,Cash,860.13,43.01,9.9
INV-00227,2025-07-11,B,Mandalay,Member,Male,Home and lifestyle,115.99,6,34.8,730.74,Ewallet,695.94,34.8,7.1
INV-00228,2025-01-21,C,Naypyitaw,Normal,Female,Health and beauty,17.39,6,5.22,109.56,Cash,104.34,5.22,7.6
INV-00229,2025-03-13,C,Naypyitaw,Member,Female,Home and lifestyle,186.96,6,56.09,1177.85,Ewallet,1121.76,56.09,8.4
INV-00230,2025-10-31,B,Mandalay,Normal,Female,Home and lifestyle,106.39,9,47.88,1005.39,Credit card,957.51,47.88,8.9
INV-00231,2025-06-19,B,Mandalay,Normal,Male,Fashion accessories,30.82,7,10.79,226.53,Ewallet,215.74,10.79,6.8
INV-00232,2025-10-24,C,Naypyitaw,Normal,Male,Food and beverages,53.23,1,2.66,55.89,Ewallet,53.23,2.66,7.8
INV-00233,2025-07-14,C,Naypyitaw,Member,Male,Electronic accessories,166.12,4,33.22,697.7,Cash,664.48,33.22,4.1
INV-00234,2025-08-03,B,Mandalay,Normal,Female,Electronic accessories,88.46,4,17.69,371.53,Ewallet,353.84,17.69,8.4
INV-00235,2025-03-12,C,Naypyitaw,Normal,Female,Food and beverages,49.39,6,14.82,311.16,Credit card,296.34,14.82,9.7
INV-00236,2025-09-30,B,Mandalay,Normal,Male,Home and lifestyle,113.79,5,28.45,597.4,Cash,568.95,28.45,5.7
INV-00237,2025-04-26,B,Mandalay,Normal,Female,Home and lifestyle,156.52,4,31.3,657.38,Credit card,626.08,31.3,6.1
INV-00238,2025-05-21,C,Naypyitaw,Normal,Female,Home and lifestyle,33.16,9,14.92,313.36,Credit card,298.44,14.92,9.7
INV-00239,2025-05-29,A,Yangon,Normal,Female,Health and beauty,64.65,2,6.47,135.77,Ewallet,129.3,6.47,5.5
INV-00240,2025-04-20,B,Mandalay,Normal,Male,Electronic accessories,167.31,5,41.83,878.38,Cash,836.55,41.83,7.7
INV-00241,2025-05-03,C,Naypyitaw,Member,Male,Electronic accessories,19.65,9,8.84,185.69,Cash,176.85,8.84,4.6
INV-00242,2025-08-30,B,Mandalay,Member,Male,Health and beauty,139.43,3,20.91,439.2,Credit card,418.29,20.91,7.9
INV-00243,2025-09-02,B,Mandalay,Normal,Female,Fashion accessories,47.9,5,11.98,251.48,Ewallet,239.5,11.98,4.4
INV-00244,2025-11-30,A,Yangon,Member,Female,Food and beverages,54.12,1,2.71,56.83,Cash,54.12,2.71,9.6
INV-00245,2025-07-23,A,Yangon,Member,Male,Sports and travel,45.4,5,11.35,238.35,Credit card,227.0,11.35,7.4
INV-00246,2025-06-21,A,Yangon,Normal,Male,Home and lifestyle,96.33,9,43.35,910.32,Ewallet,866.97,43.35,6.8
INV-00247,2025-02-27,A,Yangon,Normal,Male,Home and lifestyle,40.87,8,16.35,343.31,Cash,326.96,16.35,8.4
INV-00248,2025-10-18,B,Mandalay,Normal,Female,Fashion accessories,153.88,3,23.08,484.72,Ewallet,461.64,23.08,6.0
INV-00249,2025-12-09,B,Mandalay,Normal,Female,Health and beauty,45.11,3,6.77,142.1,Cash,135.33,6.77,4.0
INV-00250,2025-05-01,B,Mandalay,Normal,Male,Sports and travel,153.21,6,45.96,965.22,Credit card,919.26,45.96,7.9
INV-00251,2025-05-01,C,Naypyitaw,Normal,Male,Health and beauty,136.88,8,54.75,1149.79,Credit card,1095.04,54.75,8.1
INV-00252,2025-06-09,C,Naypyitaw,Normal,Male,Fashion accessories,32.31,5,8.08,169.63,Cash,161.55,8.08,9.7
INV-00253,2025-03-20,B,Mandalay,Normal,Female,Sports and travel,152.07,10,76.03,1596.73,Ewallet,1520.7,76.03,7.3
INV-00254,2025-10-03,B,Mandalay,Member,Female,Fashion accessories,166.86,4,33.37,700.81,Ewallet,667.44,33.37,8.2
INV-00255,2025-10-16,A,Yangon,Member,Male,Health and beauty,21.73,9,9.78,205.35,Cash,195.57,9.78,6.0
INV-00256,2025-08-15,C,Naypyitaw,Normal,Male,Health and beauty,139.26,10,69.63,1462.23,Ewallet,1392.6,69.63,6.7
INV-00257,2025-08-21,A,Yangon,Member,Female,Electronic accessories,107.52,8,43.01,903.17,Ewallet,860.16,43.01,8.8
INV-00258,2025-01-12,C,Naypyitaw,Member,Male,Sports and travel,58.35,1,2.92,61.27,Cash,58.35,2.92,6.5
INV-00259,2025-02-02,C,Naypyitaw,Normal,Male,Food and beverages,198.88,2,19.89,417.65,Credit card,397.76,19.89,6.5
INV-00260,2025-11-25,A,Yangon,Normal,Female,Fashion accessories,132.72,7,46.45,975.49,Credit card,929.04,46.45,9.2
INV-00261,2025-07-12,B,Mandalay,Member,Female,Health and beauty,139.72,9,62.87,1320.35,Cash,1257.48,62.87,5.1
INV-00262,2025-07-21,C,Naypyitaw,Member,Male,Food and beverages,34.2,4,6.84,143.64,Credit card,136.8,6.84,6.8
INV-00263,2025-10-06,C,Naypyitaw,Member,Female,Sports and travel,111.07,4,22.21,466.49,Credit card,444.28,22.21,4.9
INV-00264,2025-02-27,A,Yangon,Member,Male,Health and beauty,163.8,7,57.33,1203.93,Cash,1146.6,57.33,4.4
INV-00265,2025-01-18,C,Naypyitaw,Member,Male,Sports and travel,123.58,1,6.18,129.76,Credit card,123.58,6.18,6.6
INV-00266,2025-04-22,C,Naypyitaw,Member,Female,Health and beauty,36.63,5,9.16,192.31,Ewallet,183.15,9.16,7.6
INV-00267,2025-06-14,C,Naypyitaw,Member,Female,Electronic accessories,67.34,3,10.1,212.12,Credit card,202.02,10.1,5.7
INV-00268,2025-10-30,C,Naypyitaw,Normal,Male,Fashion accessories,183.2,7,64.12,1346.52,Credit card,1282.4,64.12,9.6
INV-00269,2025-07-15,C,Naypyitaw,Normal,Male,Food and beverages,70.56,7,24.7,518.62,Credit card,493.92,24.7,6.3
INV-00270,2025-08-31,C,Naypyitaw,Member,Female,Electronic accessories,171.37,5,42.84,899.69,Cash,856.85,42.84,7.4
INV-00271,2025-10-13,B,Mandalay,Normal,Male,Food and beverages,35.48,4,7.1,149.02,Credit card,141.92,7.1,7.9
INV-00272,2025-07-09,B,Mandalay,Member,Female,Health and beauty,111.77,4,22.35,469.43,Credit card,447.08,22.35,8.0
INV-00273,2025-01-21,C,Naypyitaw,Member,Female,Health and beauty,45.75,10,22.88,480.38,Cash,457.5,22.88,9.2
INV-00274,2025-06-05,B,Mandalay,Member,Female,Health and beauty,50.24,4,10.05,211.01,Cash,200.96,10.05,8.2
INV-00275,2025-04-15,C,Naypyitaw,Normal,Female,Sports and travel,183.87,9,82.74,1737.57,Credit card,1654.83,82.74,6.8
INV-00276,2025-07-03,C,Naypyitaw,Normal,Female,Home and lifestyle,59.7,9,26.87,564.17,Cash,537.3,26.87,8.8
INV-00277,2025-08-29,C,Naypyitaw,Normal,Female,Home and lifestyle,183.72,6,55.12,1157.44,Cash,1102.32,55.12,7.4
INV-00278,2025-03-16,A,Yangon,Normal,Female,Health and beauty,59.55,10,29.78,625.28,Cash,595.5,29.78,5.2
INV-00279,2025-07-14,A,Yangon,Normal,Female,Food and beverages,168.34,8,67.34,1414.06,Credit card,1346.72,67.34,9.8
INV-00280,2025-09-09,C,Naypyitaw,Member,Male,Sports and travel,41.96,6,12.59,264.35,Ewallet,251.76,12.59,7.3
INV-00281,2025-10-05,A,Yangon,Member,Male,Fashion accessories,191.88,9,86.35,1813.27,Ewallet,1726.92,86.35,4.3
INV-00282,2025-07-31,A,Yangon,Member,Male,Electronic accessories,170.08,4,34.02,714.34,Cash,680.32,34.02,5.3
INV-00283,2025-07-11,B,Mandalay,Normal,Female,Health and beauty,127.39,10,63.7,1337.6,Cash,1273.9,63.7,4.0
INV-00284,2025-07-30,C,Naypyitaw,Normal,Male,Health and beauty,13.18,5,3.3,69.2,Ewallet,65.9,3.3,8.9
INV-00285,2025-08-09,C,Naypyitaw,Member,Male,Electronic accessories,30.33,2,3.03,63.69,Cash,60.66,3.03,7.7
INV-00286,2025-07-01,B,Mandalay,Normal,Female,Home and lifestyle,161.04,2,16.1,338.18,Credit card,322.08,16.1,7.4
INV-00287,2025-04-26,C,Naypyitaw,Member,Male,Home and lifestyle,139.97,2,14.0,293.94,Credit card,279.94,14.0,6.3
INV-00288,2025-09-01,C,Naypyitaw,Member,Female,Health and beauty,130.98,3,19.65,412.59,Credit card,392.94,19.65,7.9
INV-00289,2025-10-17,B,Mandalay,Member,Male,Health and beauty,180.01,1,9.0,189.01,Ewallet,180.01,9.0,9.3
INV-00290,2025-05-19,B,Mandalay,Member,Male,Health and beauty,185.59,5,46.4,974.35,Credit card,927.95,46.4,4.1
INV-00291,2025-10-28,A,Yangon,Member,Female,Electronic accessories,152.93,7,53.53,1124.04,Cash,1070.51,53.53,7.4
INV-00292,2025-07-19,C,Naypyitaw,Normal,Male,Fashion accessories,180.34,6,54.1,1136.14,Ewallet,1082.04,54.1,8.3
INV-00293,2025-06-27,C,Naypyitaw,Member,Female,Health and beauty,28.56,4,5.71,119.95,Ewallet,114.24,5.71,8.6
INV-00294,2025-07-23,C,Naypyitaw,Normal,Female,Home and lifestyle,15.63,5,3.91,82.06,Cash,78.15,3.91,6.1
INV-00295,2025-08-10,B,Mandalay,Member,Female,Electronic accessories,139.14,7,48.7,1022.68,Cash,973.98,48.7,8.3
INV-00296,2025-05-18,A,Yangon,Normal,Female,Electronic accessories,82.2,3,12.33,258.93,Credit card,246.6,12.33,4.6
INV-00297,2025-06-07,A,Yangon,Member,Male,Sports and travel,78.38,5,19.59,411.49,Cash,391.9,19.59,5.1
INV-00298,2025-10-13,B,Mandalay,Member,Male,Food and beverages,107.36,2,10.74,225.46,Credit card,214.72,10.74,7.3
INV-00299,2025-11-03,C,Naypyitaw,Normal,Female,Home and lifestyle,174.11,1,8.71,182.82,Credit card,174.11,8.71,8.7
INV-00300,2025-10-14,C,Naypyitaw,Normal,Male,Electronic accessories,118.67,3,17.8,373.81,Cash,356.01,17.8,5.6
INV-00301,2025-09-10,B,Mandalay,Normal,Female,Electronic accessories,22.02,7,7.71,161.85,Credit card,154.14,7.71,6.9
INV-00302,2025-07-04,A,Yangon,Member,Female,Home and lifestyle,189.4,8,75.76,1590.96,Cash,1515.2,75.76,4.8
INV-00303,2025-07-22,A,Yangon,Normal,Female,Home and lifestyle,169.91,7,59.47,1248.84,Credit card,1189.37,59.47,6.6
INV-00304,2025-11-01,C,Naypyitaw,Member,Female,Electronic accessories,67.08,10,33.54,704.34,Credit card,670.8,33.54,5.1
INV-00305,2025-06-13,B,Mandalay,Member,Female,Home and lifestyle,149.63,8,59.85,1256.89,Credit card,1197.04,59.85,5.7
INV-00306,2025-07-06,B,Mandalay,Member,Male,Health and beauty,187.09,4,37.42,785.78,Ewallet,748.36,37.42,6.8
INV-00307,2025-04-18,C,Naypyitaw,Normal,Female,Sports and travel,161.56,2,16.16,339.28,Cash,323.12,16.16,7.8
INV-00308,2025-05-10,A,Yangon,Normal,Male,Fashion accessories,39.29,7,13.75,288.78,Credit card,275.03,13.75,9.9
INV-00309,2025-10-26,B,Mandalay,Member,Female,Sports and travel,111.53,7,39.04,819.75,Ewallet,780.71,39.04,9.4
INV-00310,2025-11-01,C,Naypyitaw,Member,Female,Fashion accessories,183.74,2,18.37,385.85,Cash,367.48,18.37,7.9
INV-00311,2025-10-16,A,Yangon,Normal,Female,Fashion accessories,138.72,7,48.55,1019.59,Cash,971.04,48.55,4.1
INV-00312,2025-04-24,B,Mandalay,Member,Female,Food and beverages,151.9,9,68.36,1435.46,Credit card,1367.1,68.36,6.3
INV-00313,2025-10-29,C,Naypyitaw,Member,Female,Fashion accessories,105.09,6,31.53,662.07,Cash,630.54,31.53,5.8
INV-00314,2025-03-01,A,Yangon,Normal,Female,Fashion accessories,36.92,5,9.23,193.83,Cash,184.6,9.23,7.1
INV-00315,2025-09-01,B,Mandalay,Normal,Male,Health and beauty,93.25,8,37.3,783.3,Credit card,746.0,37.3,4.3
INV-00316,2025-02-28,C,Naypyitaw,Member,Male,Health and beauty,171.34,2,17.13,359.81,Ewallet,342.68,17.13,5.0
INV-00317,2025-06-19,A,Yangon,Member,Female,Food and beverages,91.01,8,36.4,764.48,Ewallet,728.08,36.4,5.1
INV-00318,2025-12-03,C,Naypyitaw,Member,Female,Sports and travel,85.16,10,42.58,894.18,Ewallet,851.6,42.58,6.6
INV-00319,2025-12-27,A,Yangon,Member,Male,Electronic accessories,49.1,2,4.91,103.11,Credit card,98.2,4.91,6.0
INV-00320,2025-02-28,B,Mandalay,Normal,Female,Home and lifestyle,137.43,8,54.97,1154.41,Ewallet,1099.44,54.97,6.4
INV-00321,2025-06-28,A,Yangon,Member,Female,Home and lifestyle,170.65,10,85.33,1791.83,Ewallet,1706.5,85.33,7.5
INV-00322,2025-03-10,C,Naypyitaw,Member,Male,Home and lifestyle,32.39,5,8.1,170.05,Credit card,161.95,8.1,8.2
INV-00323,2025-07-18,C,Naypyitaw,Normal,Female,Sports and travel,123.32,10,61.66,1294.86,Cash,1233.2,61.66,6.9
INV-00324,2025-12-22,C,Naypyitaw,Member,Female,Fashion accessories,186.83,3,28.02,588.51,Credit card,560.49,28.02,4.8
INV-00325,2025-08-19,B,Mandalay,Member,Female,Food and beverages,20.19,6,6.06,127.2,Cash,121.14,6.06,5.2
INV-00326,2025-10-15,B,Mandalay,Normal,Female,Food and beverages,134.08,7,46.93,985.49,Ewallet,938.56,46.93,9.0
INV-00327,2025-03-27,B,Mandalay,Normal,Male,Health and beauty,117.43,4,23.49,493.21,Credit card,469.72,23.49,5.3
INV-00328,2025-03-28,B,Mandalay,Member,Male,Sports and travel,117.47,8,46.99,986.75,Credit card,939.76,46.99,8.7
INV-00329,2025-10-05,B,Mandalay,Member,Female,Health and beauty,154.4,8,61.76,1296.96,Cash,1235.2,61.76,8.4
INV-00330,2025-05-07,C,Naypyitaw,Normal,Female,Home and lifestyle,176.21,1,8.81,185.02,Credit card,176.21,8.81,9.2
INV-00331,2025-08-13,A,Yangon,Member,Female,Health and beauty,157.37,4,31.47,660.95,Ewallet,629.48,31.47,7.7
INV-00332,2025-03-26,B,Mandalay,Member,Male,Food and beverages,36.45,4,7.29,153.09,Ewallet,145.8,7.29,6.1
INV-00333,2025-11-02,B,Mandalay,Normal,Female,Food and beverages,41.99,5,10.5,220.45,Ewallet,209.95,10.5,9.9
INV-00334,2025-02-18,C,Naypyitaw,Member,Female,Electronic accessories,192.93,7,67.53,1418.04,Ewallet,1350.51,67.53,4.8
INV-00335,2025-05-08,A,Yangon,Normal,Female,Electronic accessories,145.17,4,29.03,609.71,Cash,580.68,29.03,7.5
INV-00336,2025-11-18,B,Mandalay,Member,Female,Sports and travel,81.28,2,8.13,170.69,Ewallet,162.56,8.13,8.5
INV-00337,2025-07-08,C,Naypyitaw,Member,Male,Sports and travel,190.55,6,57.17,1200.47,Ewallet,1143.3,57.17,9.8
INV-00338,2025-12-07,C,Naypyitaw,Normal,Male,Fashion accessories,78.06,2,7.81,163.93,Credit card,156.12,7.81,8.9
INV-00339,2025-05-18,B,Mandalay,Member,Female,Home and lifestyle,167.39,6,50.22,1054.56,Credit card,1004.34,50.22,9.4
INV-00340,2025-01-24,A,Yangon,Member,Male,Health and beauty,128.97,8,51.59,1083.35,Cash,1031.76,51.59,6.6
INV-00341,2025-08-08,A,Yangon,Normal,Male,Electronic accessories,199.18,3,29.88,627.42,Credit card,597.54,29.88,4.6
INV-00342,2025-05-09,B,Mandalay,Member,Female,Health and beauty,80.65,3,12.1,254.05,Ewallet,241.95,12.1,5.8
INV-00343,2025-04-30,C,Naypyitaw,Member,Male,Sports and travel,134.54,2,13.45,282.53,Credit card,269.08,13.45,4.5
INV-00344,2025-04-26,C,Naypyitaw,Member,Female,Food and beverages,139.2,1,6.96,146.16,Cash,139.2,6.96,9.9
INV-00345,2025-12-22,B,Mandalay,Normal,Male,Electronic accessories,100.76,4,20.15,423.19,Ewallet,403.04,20.15,8.8
INV-00346,2025-06-10,A,Yangon,Normal,Male,Home and lifestyle,177.39,3,26.61,558.78,Ewallet,532.17,26.61,10.0
INV-00347,2025-02-05,A,Yangon,Member,Female,Food and beverages,117.03,10,58.52,1228.82,Credit card,1170.3,58.52,8.3
INV-00348,2025-03-19,C,Naypyitaw,Member,Male,Sports and travel,127.05,8,50.82,1067.22,Cash,1016.4,50.82,4.8
INV-00349,2025-10-29,A,Yangon,Normal,Male,Fashion accessories,82.97,7,29.04,609.83,Cash,580.79,29.04,5.7
INV-00350,2025-05-08,A,Yangon,Normal,Male,Food and beverages,124.19,10,62.1,1304.0,Ewallet,1241.9,62.1,9.3
INV-00351,2025-09-23,A,Yangon,Normal,Male,Food and beverages,106.81,7,37.38,785.05,Cash,747.67,37.38,7.0
INV-00352,2025-05-04,A,Yangon,Member,Female,Sports and travel,131.24,2,13.12,275.6,Credit card,262.48,13.12,4.8
INV-00353,2025-08-04,C,Naypyitaw,Normal,Male,Home and lifestyle,113.81,3,17.07,358.5,Cash,341.43,17.07,7.5
INV-00354,2025-05-15,A,Yangon,Normal,Female,Electronic accessories,17.57,1,0.88,18.45,Ewallet,17.57,0.88,8.3
INV-00355,2025-08-05,B,Mandalay,Member,Female,Fashion accessories,86.43,9,38.89,816.76,Cash,777.87,38.89,5.9
INV-00356,2025-04-15,C,Naypyitaw,Member,Female,Electronic accessories,111.91,7,39.17,822.54,Ewallet,783.37,39.17,6.6
INV-00357,2025-01-30,A,Yangon,Member,Female,Electronic accessories,26.38,7,9.23,193.89,Ewallet,184.66,9.23,7.7
INV-00358,2025-12-08,B,Mandalay,Member,Male,Fashion accessories,135.03,3,20.25,425.34,Ewallet,405.09,20.25,4.8
INV-00359,2025-03-25,A,Yangon,Normal,Male,Sports and travel,191.07,9,85.98,1805.61,Credit card,1719.63,85.98,4.8
INV-00360,2025-03-02,B,Mandalay,Normal,Male,Health and beauty,73.65,7,25.78,541.33,Credit card,515.55,25.78,8.3
INV-00361,2025-11-18,C,Naypyitaw,Normal,Male,Health and beauty,104.27,9,46.92,985.35,Credit card,938.43,46.92,9.2
INV-00362,2025-07-08,A,Yangon,Member,Male,Electronic accessories,58.47,2,5.85,122.79,Ewallet,116.94,5.85,7.1
INV-00363,2025-01-07,A,Yangon,Normal,Male,Electronic accessories,18.74,6,5.62,118.06,Cash,112.44,5.62,9.6
INV-00364,2025-10-11,A,Yangon,Member,Female,Fashion accessories,150.73,7,52.76,1107.87,Cash,1055.11,52.76,6.5
INV-00365,2025-06-13,C,Naypyitaw,Normal,Male,Home and lifestyle,166.94,10,83.47,1752.87,Ewallet,1669.4,83.47,8.0
INV-00366,2025-04-02,A,Yangon,Normal,Male,Electronic accessories,162.82,1,8.14,170.96,Credit card,162.82,8.14,9.2
INV-00367,2025-06-17,B,Mandalay,Normal,Male,Health and beauty,115.09,1,5.75,120.84,Credit card,115.09,5.75,7.4
INV-00368,2025-11-15,B,Mandalay,Normal,Male,Electronic accessories,98.15,10,49.08,1030.58,Ewallet,981.5,49.08,9.4
INV-00369,2025-03-19,A,Yangon,Member,Female,Health and beauty,187.16,1,9.36,196.52,Ewallet,187.16,9.36,9.0
INV-00370,2025-06-21,A,Yangon,Normal,Male,Health and beauty,154.2,7,53.97,1133.37,Cash,1079.4,53.97,7.2
INV-00371,2025-08-03,A,Yangon,Normal,Male,Sports and travel,192.63,3,28.89,606.78,Cash,577.89,28.89,9.5
INV-00372,2025-07-31,C,Naypyitaw,Member,Male,Fashion accessories,180.16,8,72.06,1513.34,Ewallet,1441.28,72.06,4.8
INV-00373,2025-02-08,B,Mandalay,Member,Male,Food and beverages,117.89,7,41.26,866.49,Credit card,825.23,41.26,5.6
INV-00374,2025-07-21,B,Mandalay,Normal,Female,Fashion accessories,168.06,6,50.42,1058.78,Credit card,1008.36,50.42,5.4
INV-00375,2025-03-11,A,Yangon,Member,Female,Food and beverages,30.7,2,3.07,64.47,Credit card,61.4,3.07,5.9
INV-00376,2025-10-02,A,Yangon,Normal,Female,Home and lifestyle,193.28,4,38.66,811.78,Credit card,773.12,38.66,5.6
INV-00377,2025-02-16,A,Yangon,Member,Male,Electronic accessories,163.44,5,40.86,858.06,Credit card,817.2,40.86,4.9
INV-00378,2025-05-08,C,Naypyitaw,Normal,Female,Home and lifestyle,85.29,1,4.26,89.55,Cash,85.29,4.26,4.2
INV-00379,2025-08-20,B,Mandalay,Member,Female,Food and beverages,152.13,4,30.43,638.95,Cash,608.52,30.43,8.8
INV-00380,2025-03-04,A,Yangon,Member,Male,Health and beauty,21.72,4,4.34,91.22,Credit card,86.88,4.34,6.2
INV-00381,2025-11-27,C,Naypyitaw,Member,Male,Health and beauty,120.64,5,30.16,633.36,Cash,603.2,30.16,5.2
INV-00382,2025-08-16,C,Naypyitaw,Member,Male,Electronic accessories,27.48,6,8.24,173.12,Credit card,164.88,8.24,4.3
INV-00383,2025-08-10,C,Naypyitaw,Normal,Female,Fashion accessories,85.05,1,4.25,89.3,Cash,85.05,4.25,6.1
INV-00384,2025-05-21,A,Yangon,Member,Male,Home and lifestyle,94.74,3,14.21,298.43,Ewallet,284.22,14.21,5.8
INV-00385,2025-10-09,B,Mandalay,Normal,Male,Sports and travel,21.59,5,5.4,113.35,Credit card,107.95,5.4,5.2
INV-00386,2025-05-08,C,Naypyitaw,Member,Female,Fashion accessories,198.88,9,89.5,1879.42,Ewallet,1789.92,89.5,6.2
INV-00387,2025-09-06,C,Naypyitaw,Normal,Female,Home and lifestyle,183.41,9,82.53,1733.22,Credit card,1650.69,82.53,5.1
INV-00388,2025-11-02,B,Mandalay,Member,Female,Electronic accessories,15.57,5,3.89,81.74,Ewallet,77.85,3.89,6.1
INV-00389,2025-04-30,C,Naypyitaw,Normal,Male,Electronic accessories,29.03,4,5.81,121.93,Cash,116.12,5.81,7.5
INV-00390,2025-07-01,B,Mandalay,Normal,Female,Electronic accessories,43.46,10,21.73,456.33,Ewallet,434.6,21.73,4.2
INV-00391,2025-06-30,C,Naypyitaw,Member,Female,Food and beverages,117.09,10,58.55,1229.45,Ewallet,1170.9,58.55,5.9
INV-00392,2025-01-20,B,Mandalay,Member,Male,Health and beauty,20.67,10,10.34,217.04,Ewallet,206.7,10.34,6.9
INV-00393,2025-11-11,B,Mandalay,Member,Female,Electronic accessories,163.22,6,48.97,1028.29,Cash,979.32,48.97,4.1
INV-00394,2025-12-27,C,Naypyitaw,Normal,Male,Electronic accessories,157.13,9,70.71,1484.88,Credit card,1414.17,70.71,8.2
INV-00395,2025-07-22,C,Naypyitaw,Normal,Male,Food and beverages,29.2,5,7.3,153.3,Cash,146.0,7.3,8.4
INV-00396,2025-11-24,B,Mandalay,Normal,Male,Sports and travel,133.34,3,20.0,420.02,Ewallet,400.02,20.0,7.5
INV-00397,2025-07-13,A,Yangon,Member,Male,Home and lifestyle,149.46,5,37.37,784.67,Ewallet,747.3,37.37,4.0
INV-00398,2025-10-21,C,Naypyitaw,Member,Male,Sports and travel,171.64,10,85.82,1802.22,Ewallet,1716.4,85.82,5.9
INV-00399,2025-04-24,C,Naypyitaw,Member,Female,Fashion accessories,117.45,8,46.98,986.58,Ewallet,939.6,46.98,4.5
INV-00400,2025-06-13,B,Mandalay,Normal,Female,Electronic accessories,130.88,2,13.09,274.85,Cash,261.76,13.09,5.6
INV-00401,2025-12-21,A,Yangon,Member,Male,Health and beauty,76.59,2,7.66,160.84,Credit card,153.18,7.66,6.6
INV-00402,2025-03-27,B,Mandalay,Normal,Female,Sports and travel,103.69,7,36.29,762.12,Cash,725.83,36.29,9.0
INV-00403,2025-11-30,C,Naypyitaw,Member,Male,Fashion accessories,52.86,8,21.14,444.02,Credit card,422.88,21.14,4.1
INV-00404,2025-02-23,B,Mandalay,Member,Male,Health and beauty,74.94,7,26.23,550.81,Ewallet,524.58,26.23,9.7
INV-00405,2025-06-23,A,Yangon,Member,Female,Food and beverages,197.2,8,78.88,1656.48,Ewallet,1577.6,78.88,5.0
INV-00406,2025-03-22,B,Mandalay,Member,Female,Health and beauty,29.24,4,5.85,122.81,Ewallet,116.96,5.85,7.3
INV-00407,2025-10-04,C,Naypyitaw,Member,Male,Home and lifestyle,135.51,5,33.88,711.43,Cash,677.55,33.88,6.4
INV-00408,2025-09-09,C,Naypyitaw,Normal,Male,Electronic accessories,20.36,1,1.02,21.38,Credit card,20.36,1.02,8.9
INV-00409,2025-11-04,C,Naypyitaw,Member,Male,Sports and travel,47.94,1,2.4,50.34,Ewallet,47.94,2.4,5.8
INV-00410,2025-08-31,A,Yangon,Normal,Female,Health and beauty,68.59,7,24.01,504.14,Ewallet,480.13,24.01,5.6
INV-00411,2025-10-06,C,Naypyitaw,Normal,Male,Sports and travel,45.13,7,15.8,331.71,Credit card,315.91,15.8,4.3
INV-00412,2025-08-27,B,Mandalay,Member,Male,Home and lifestyle,52.99,5,13.25,278.2,Ewallet,264.95,13.25,8.0
INV-00413,2025-12-09,A,Yangon,Member,Male,Home and lifestyle,163.55,7,57.24,1202.09,Credit card,1144.85,57.24,8.9
INV-00414,2025-10-02,B,Mandalay,Member,Female,Fashion accessories,174.71,8,69.88,1467.56,Credit card,1397.68,69.88,4.5
INV-00415,2025-01-18,C,Naypyitaw,Member,Male,Food and beverages,118.53,9,53.34,1120.11,Credit card,1066.77,53.34,5.0
INV-00416,2025-04-19,A,Yangon,Member,Female,Electronic accessories,33.98,7,11.89,249.75,Cash,237.86,11.89,10.0
INV-00417,2025-03-17,C,Naypyitaw,Member,Female,Food and beverages,59.0,2,5.9,123.9,Ewallet,118.0,5.9,6.4
INV-00418,2025-05-22,B,Mandalay,Normal,Male,Food and beverages,97.05,1,4.85,101.9,Credit card,97.05,4.85,4.9
INV-00419,2025-10-29,C,Naypyitaw,Member,Male,Food and beverages,154.09,2,15.41,323.59,Credit card,308.18,15.41,9.2
INV-00420,2025-07-30,B,Mandalay,Normal,Male,Home and lifestyle,82.78,8,33.11,695.35,Cash,662.24,33.11,5.7
INV-00421,2025-11-13,A,Yangon,Member,Female,Food and beverages,139.35,7,48.77,1024.22,Credit card,975.45,48.77,8.1
INV-00422,2025-09-01,A,Yangon,Normal,Female,Home and lifestyle,180.44,1,9.02,189.46,Credit card,180.44,9.02,5.7
INV-00423,2025-12-23,B,Mandalay,Member,Female,Fashion accessories,28.66,4,5.73,120.37,Ewallet,114.64,5.73,6.7
INV-00424,2025-05-18,B,Mandalay,Member,Female,Fashion accessories,89.19,2,8.92,187.3,Cash,178.38,8.92,9.5
INV-00425,2025-09-06,B,Mandalay,Member,Male,Food and beverages,174.77,1,8.74,183.51,Credit card,174.77,8.74,8.3
INV-00426,2025-03-11,B,Mandalay,Member,Male,Food and beverages,177.07,1,8.85,185.92,Cash,177.07,8.85,9.0
INV-00427,2025-01-17,A,Yangon,Member,Female,Sports and travel,19.61,6,5.88,123.54,Credit card,117.66,5.88,8.9
INV-00428,2025-07-23,C,Naypyitaw,Member,Female,Fashion accessories,185.38,1,9.27,194.65,Credit card,185.38,9.27,7.6
INV-00429,2025-08-31,A,Yangon,Member,Female,Food and beverages,114.75,6,34.43,722.93,Ewallet,688.5,34.43,9.0
INV-00430,2025-05-26,A,Yangon,Member,Male,Health and beauty,83.45,3,12.52,262.87,Ewallet,250.35,12.52,5.4
INV-00431,2025-05-18,A,Yangon,Member,Female,Fashion accessories,87.81,1,4.39,92.2,Cash,87.81,4.39,7.9
INV-00432,2025-01-05,C,Naypyitaw,Normal,Female,Electronic accessories,57.95,5,14.49,304.24,Credit card,289.75,14.49,9.1
INV-00433,2025-05-10,B,Mandalay,Normal,Male,Electronic accessories,98.67,9,44.4,932.43,Cash,888.03,44.4,7.1
INV-00434,2025-07-11,C,Naypyitaw,Normal,Female,Food and beverages,133.0,10,66.5,1396.5,Ewallet,1330.0,66.5,4.6
INV-00435,2025-06-22,A,Yangon,Normal,Female,Home and lifestyle,131.71,5,32.93,691.48,Cash,658.55,32.93,4.9
INV-00436,2025-01-30,A,Yangon,Member,Male,Food and beverages,86.78,6,26.03,546.71,Ewallet,520.68,26.03,7.0
INV-00437,2025-05-13,B,Mandalay,Member,Female,Sports and travel,86.87,1,4.34,91.21,Ewallet,86.87,4.34,8.3
INV-00438,2025-10-01,C,Naypyitaw,Normal,Male,Fashion accessories,159.13,6,47.74,1002.52,Ewallet,954.78,47.74,9.3
INV-00439,2025-05-31,A,Yangon,Member,Female,Health and beauty,99.45,5,24.86,522.11,Ewallet,497.25,24.86,4.5
INV-00440,2025-04-25,B,Mandalay,Normal,Female,Fashion accessories,175.57,7,61.45,1290.44,Credit card,1228.99,61.45,7.5
INV-00441,2025-03-02,B,Mandalay,Member,Female,Sports and travel,20.2,10,10.1,212.1,Cash,202.0,10.1,7.0
INV-00442,2025-07-15,C,Naypyitaw,Member,Male,Food and beverages,66.69,1,3.33,70.02,Cash,66.69,3.33,6.1
INV-00443,2025-08-23,C,Naypyitaw,Member,Female,Electronic accessories,70.11,3,10.52,220.85,Credit card,210.33,10.52,7.8
INV-00444,2025-06-10,A,Yangon,Normal,Male,Fashion accessories,21.02,8,8.41,176.57,Cash,168.16,8.41,7.5
INV-00445,2025-09-08,A,Yangon,Normal,Female,Health and beauty,34.59,7,12.11,254.24,Credit card,242.13,12.11,9.8
INV-00446,2025-01-03,B,Mandalay,Member,Female,Health and beauty,111.42,6,33.43,701.95,Ewallet,668.52,33.43,5.1
INV-00447,2025-01-03,C,Naypyitaw,Normal,Female,Fashion accessories,149.38,4,29.88,627.4,Cash,597.52,29.88,4.6
INV-00448,2025-10-29,C,Naypyitaw,Normal,Female,Home and lifestyle,41.73,1,2.09,43.82,Credit card,41.73,2.09,8.4
INV-00449,2025-09-26,C,Naypyitaw,Normal,Female,Home and lifestyle,92.4,3,13.86,291.06,Credit card,277.2,13.86,8.5
INV-00450,2025-07-26,A,Yangon,Member,Male,Health and beauty,53.4,3,8.01,168.21,Ewallet,160.2,8.01,7.0
INV-00451,2025-07-07,A,Yangon,Normal,Female,Fashion accessories,133.6,1,6.68,140.28,Ewallet,133.6,6.68,7.7
INV-00452,2025-01-25,C,Naypyitaw,Member,Male,Fashion accessories,30.54,1,1.53,32.07,Credit card,30.54,1.53,6.7
INV-00453,2025-10-08,A,Yangon,Member,Male,Home and lifestyle,100.14,3,15.02,315.44,Credit card,300.42,15.02,6.5
INV-00454,2025-12-06,A,Yangon,Member,Female,Food and beverages,61.3,10,30.65,643.65,Cash,613.0,30.65,7.1
INV-00455,2025-03-02,C,Naypyitaw,Normal,Male,Home and lifestyle,31.66,2,3.17,66.49,Ewallet,63.32,3.17,5.2
INV-00456,2025-09-25,B,Mandalay,Normal,Male,Electronic accessories,78.01,7,27.3,573.37,Cash,546.07,27.3,7.3
INV-00457,2025-12-19,A,Yangon,Member,Male,Sports and travel,72.81,1,3.64,76.45,Cash,72.81,3.64,9.0
INV-00458,2025-09-10,C,Naypyitaw,Member,Male,Electronic accessories,190.39,9,85.68,1799.19,Credit card,1713.51,85.68,7.9
INV-00459,2025-06-01,B,Mandalay,Member,Male,Home and lifestyle,98.21,2,9.82,206.24,Credit card,196.42,9.82,6.2
INV-00460,2025-06-10,C,Naypyitaw,Member,Male,Sports and travel,150.32,2,15.03,315.67,Cash,300.64,15.03,8.0
INV-00461,2025-06-18,A,Yangon,Normal,Male,Home and lifestyle,179.96,10,89.98,1889.58,Credit card,1799.6,89.98,8.9
INV-00462,2025-02-28,A,Yangon,Normal,Female,Sports and travel,86.05,8,34.42,722.82,Ewallet,688.4,34.42,9.1
INV-00463,2025-11-29,B,Mandalay,Member,Male,Electronic accessories,31.48,1,1.57,33.05,Credit card,31.48,1.57,9.5
INV-00464,2025-10-19,B,Mandalay,Normal,Female,Fashion accessories,93.25,10,46.62,979.12,Ewallet,932.5,46.62,4.2
INV-00465,2025-03-08,C,Naypyitaw,Normal,Female,Sports and travel,184.88,2,18.49,388.25,Cash,369.76,18.49,4.4
INV-00466,2025-06-10,C,Naypyitaw,Member,Female,Health and beauty,143.87,9,64.74,1359.57,Ewallet,1294.83,64.74,7.1
INV-00467,2025-11-13,C,Naypyitaw,Normal,Female,Health and beauty,92.24,4,18.45,387.41,Ewallet,368.96,18.45,8.1
INV-00468,2025-03-18,B,Mandalay,Member,Male,Food and beverages,179.49,10,89.75,1884.65,Ewallet,1794.9,89.75,9.6
INV-00469,2025-08-29,C,Naypyitaw,Normal,Female,Sports and travel,175.19,2,17.52,367.9,Cash,350.38,17.52,6.0
INV-00470,2025-01-26,B,Mandalay,Normal,Male,Food and beverages,52.31,7,18.31,384.48,Cash,366.17,18.31,6.8
INV-00471,2025-08-18,C,Naypyitaw,Normal,Male,Health and beauty,172.75,8,69.1,1451.1,Credit card,1382.0,69.1,8.5
INV-00472,2025-02-22,A,Yangon,Member,Male,Sports and travel,88.34,9,39.75,834.81,Ewallet,795.06,39.75,9.8
INV-00473,2025-06-05,C,Naypyitaw,Normal,Female,Food and beverages,116.84,8,46.74,981.46,Cash,934.72,46.74,8.9
INV-00474,2025-06-19,B,Mandalay,Normal,Female,Food and beverages,155.81,10,77.91,1636.01,Ewallet,1558.1,77.91,6.7
INV-00475,2025-12-04,A,Yangon,Normal,Female,Electronic accessories,10.42,6,3.13,65.65,Ewallet,62.52,3.13,4.6
INV-00476,2025-09-10,A,Yangon,Member,Female,Electronic accessories,166.15,7,58.15,1221.2,Ewallet,1163.05,58.15,5.2
INV-00477,2025-07-21,A,Yangon,Normal,Male,Electronic accessories,96.84,4,19.37,406.73,Credit card,387.36,19.37,4.3
INV-00478,2025-12-11,C,Naypyitaw,Normal,Male,Food and beverages,33.41,8,13.36,280.64,Credit card,267.28,13.36,4.0
INV-00479,2025-01-25,C,Naypyitaw,Normal,Male,Food and beverages,187.71,10,93.86,1970.96,Ewallet,1877.1,93.86,7.5
INV-00480,2025-03-07,C,Naypyitaw,Normal,Female,Health and beauty,83.61,10,41.81,877.91,Credit card,836.1,41.81,9.9
INV-00481,2025-05-08,C,Naypyitaw,Normal,Female,Home and lifestyle,85.6,6,25.68,539.28,Cash,513.6,25.68,4.8
INV-00482,2025-12-25,C,Naypyitaw,Normal,Male,Fashion accessories,107.34,9,48.3,1014.36,Cash,966.06,48.3,5.3
INV-00483,2025-05-29,C,Naypyitaw,Member,Female,Fashion accessories,75.61,3,11.34,238.17,Ewallet,226.83,11.34,4.7
INV-00484,2025-10-15,B,Mandalay,Normal,Female,Sports and travel,120.73,7,42.26,887.37,Cash,845.11,42.26,7.1
INV-00485,2025-07-15,A,Yangon,Member,Female,Electronic accessories,20.08,1,1.0,21.08,Cash,20.08,1.0,9.9
INV-00486,2025-05-09,C,Naypyitaw,Member,Male,Electronic accessories,169.48,5,42.37,889.77,Credit card,847.4,42.37,8.9
INV-00487,2025-11-12,A,Yangon,Normal,Male,Fashion accessories,150.5,4,30.1,632.1,Ewallet,602.0,30.1,8.7
INV-00488,2025-05-28,C,Naypyitaw,Normal,Female,Fashion accessories,136.25,7,47.69,1001.44,Ewallet,953.75,47.69,5.9
INV-00489,2025-01-28,C,Naypyitaw,Normal,Male,Health and beauty,151.3,4,30.26,635.46,Ewallet,605.2,30.26,8.2
INV-00490,2025-07-08,C,Naypyitaw,Member,Male,Food and beverages,113.86,10,56.93,1195.53,Credit card,1138.6,56.93,6.7
INV-00491,2025-02-08,C,Naypyitaw,Member,Female,Electronic accessories,192.87,9,86.79,1822.62,Cash,1735.83,86.79,6.6
INV-00492,2025-05-16,C,Naypyitaw,Member,Female,Electronic accessories,40.58,5,10.14,213.04,Credit card,202.9,10.14,8.3
INV-00493,2025-01-21,A,Yangon,Member,Female,Electronic accessories,186.44,10,93.22,1957.62,Credit card,1864.4,93.22,8.7
INV-00494,2025-07-03,C,Naypyitaw,Member,Male,Health and beauty,158.97,6,47.69,1001.51,Ewallet,953.82,47.69,4.4
INV-00495,2025-03-23,C,Naypyitaw,Member,Female,Sports and travel,113.19,7,39.62,831.95,Cash,792.33,39.62,9.3
INV-00496,2025-06-19,C,Naypyitaw,Normal,Male,Home and lifestyle,78.55,4,15.71,329.91,Cash,314.2,15.71,8.0
INV-00497,2025-05-04,B,Mandalay,Member,Male,Fashion accessories,126.6,10,63.3,1329.3,Ewallet,1266.0,63.3,9.3
INV-00498,2025-02-28,B,Mandalay,Member,Female,Sports and travel,58.75,5,14.69,308.44,Ewallet,293.75,14.69,8.8
INV-00499,2025-09-07,B,Mandalay,Normal,Male,Health and beauty,66.32,4,13.26,278.54,Cash,265.28,13.26,5.0
INV-00500,2025-10-01,C,Naypyitaw,Member,Female,Health and beauty,129.12,4,25.82,542.3,Cash,516.48,25.82,5.2
INV-00501,2025-08-11,C,Naypyitaw,Member,Male,Fashion accessories,165.18,2,16.52,346.88,Credit card,330.36,16.52,8.3
INV-00502,2025-02-14,A,Yangon,Member,Male,Health and beauty,20.31,5,5.08,106.63,Credit card,101.55,5.08,6.4
INV-00503,2025-11-19,B,Mandalay,Normal,Male,Sports and travel,92.27,1,4.61,96.88,Ewallet,92.27,4.61,4.0
INV-00504,2025-11-13,C,Naypyitaw,Member,Male,Health and beauty,153.63,10,76.81,1613.11,Credit card,1536.3,76.81,9.6
INV-00505,2025-05-29,A,Yangon,Normal,Female,Fashion accessories,67.26,2,6.73,141.25,Credit card,134.52,6.73,6.4
INV-00506,2025-01-16,C,Naypyitaw,Member,Female,Sports and travel,39.7,4,7.94,166.74,Ewallet,158.8,7.94,5.8
INV-00507,2025-03-15,C,Naypyitaw,Member,Male,Home and lifestyle,138.68,6,41.6,873.68,Cash,832.08,41.6,4.3
INV-00508,2025-11-02,C,Naypyitaw,Normal,Male,Sports and travel,112.06,2,11.21,235.33,Ewallet,224.12,11.21,8.4
INV-00509,2025-06-26,C,Naypyitaw,Member,Male,Electronic accessories,88.4,9,39.78,835.38,Cash,795.6,39.78,5.3
INV-00510,2025-04-10,B,Mandalay,Member,Female,Health and beauty,44.46,10,22.23,466.83,Ewallet,444.6,22.23,7.3
INV-00511,2025-12-10,B,Mandalay,Normal,Female,Health and beauty,57.63,4,11.53,242.05,Credit card,230.52,11.53,4.8
INV-00512,2025-05-01,C,Naypyitaw,Member,Female,Health and beauty,64.18,2,6.42,134.78,Credit card,128.36,6.42,6.7
INV-00513,2025-12-04,C,Naypyitaw,Normal,Female,Home and lifestyle,141.76,3,21.26,446.54,Credit card,425.28,21.26,5.0
INV-00514,2025-05-07,B,Mandalay,Normal,Female,Electronic accessories,145.32,7,50.86,1068.1,Cash,1017.24,50.86,8.1
INV-00515,2025-09-03,B,Mandalay,Normal,Male,Sports and travel,94.62,5,23.66,496.76,Cash,473.1,23.66,7.9
INV-00516,2025-05-24,A,Yangon,Normal,Male,Electronic accessories,179.35,4,35.87,753.27,Ewallet,717.4,35.87,4.5
INV-00517,2025-09-17,A,Yangon,Normal,Male,Fashion accessories,15.93,10,7.97,167.27,Cash,159.3,7.97,7.3
INV-00518,2025-10-04,C,Naypyitaw,Normal,Female,Sports and travel,134.24,3,20.14,422.86,Cash,402.72,20.14,9.3
INV-00519,2025-05-29,C,Naypyitaw,Member,Female,Electronic accessories,98.29,9,44.23,928.84,Credit card,884.61,44.23,7.0
INV-00520,2025-05-03,C,Naypyitaw,Member,Female,Food and beverages,139.99,9,63.0,1322.91,Cash,1259.91,63.0,5.1
INV-00521,2025-12-04,C,Naypyitaw,Normal,Male,Electronic accessories,149.82,8,59.93,1258.49,Cash,1198.56,59.93,8.6
INV-00522,2025-02-02,A,Yangon,Member,Female,Home and lifestyle,80.19,1,4.01,84.2,Credit card,80.19,4.01,6.8
INV-00523,2025-01-24,B,Mandalay,Member,Female,Health and beauty,196.31,6,58.89,1236.75,Ewallet,1177.86,58.89,5.6
INV-00524,2025-10-19,C,Naypyitaw,Normal,Male,Electronic accessories,81.57,7,28.55,599.54,Ewallet,570.99,28.55,5.5
INV-00525,2025-09-22,A,Yangon,Normal,Female,Sports and travel,77.05,6,23.11,485.41,Ewallet,462.3,23.11,4.0
INV-00526,2025-08-14,A,Yangon,Normal,Male,Electronic accessories,53.7,9,24.17,507.47,Cash,483.3,24.17,5.1
INV-00527,2025-11-05,B,Mandalay,Normal,Female,Fashion accessories,165.22,4,33.04,693.92,Ewallet,660.88,33.04,4.7
INV-00528,2025-09-03,C,Naypyitaw,Normal,Male,Sports and travel,50.03,3,7.5,157.59,Cash,150.09,7.5,4.3
INV-00529,2025-10-31,C,Naypyitaw,Member,Male,Electronic accessories,35.6,9,16.02,336.42,Cash,320.4,16.02,5.0
INV-00530,2025-09-22,A,Yangon,Member,Female,Sports and travel,123.88,10,61.94,1300.74,Cash,1238.8,61.94,5.3
INV-00531,2025-08-30,C,Naypyitaw,Member,Male,Sports and travel,42.41,7,14.84,311.71,Ewallet,296.87,14.84,8.0
INV-00532,2025-03-27,B,Mandalay,Member,Male,Fashion accessories,140.26,8,56.1,1178.18,Credit card,1122.08,56.1,6.3
INV-00533,2025-01-09,A,Yangon,Normal,Male,Electronic accessories,109.32,9,49.19,1033.07,Ewallet,983.88,49.19,4.6
INV-00534,2025-11-11,B,Mandalay,Member,Male,Food and beverages,17.42,9,7.84,164.62,Credit card,156.78,7.84,8.0
INV-00535,2025-10-04,C,Naypyitaw,Normal,Female,Health and beauty,180.42,7,63.15,1326.09,Cash,1262.94,63.15,8.2
INV-00536,2025-04-28,B,Mandalay,Normal,Male,Sports and travel,160.02,7,56.01,1176.15,Credit card,1120.14,56.01,4.8
INV-00537,2025-04-30,B,Mandalay,Normal,Female,Health and beauty,63.82,9,28.72,603.1,Cash,574.38,28.72,4.0
INV-00538,2025-01-04,C,Naypyitaw,Member,Female,Food and beverages,109.28,9,49.18,1032.7,Ewallet,983.52,49.18,5.2
INV-00539,2025-07-29,B,Mandalay,Normal,Female,Home and lifestyle,30.25,7,10.59,222.34,Ewallet,211.75,10.59,6.5
INV-00540,2025-11-10,B,Mandalay,Member,Female,Home and lifestyle,198.44,7,69.45,1458.53,Ewallet,1389.08,69.45,8.7
INV-00541,2025-04-02,B,Mandalay,Normal,Female,Home and lifestyle,116.23,8,46.49,976.33,Ewallet,929.84,46.49,6.1
INV-00542,2025-07-23,C,Naypyitaw,Member,Female,Fashion accessories,36.23,2,3.62,76.08,Ewallet,72.46,3.62,9.7
INV-00543,2025-04-20,A,Yangon,Member,Male,Food and beverages,86.11,6,25.83,542.49,Credit card,516.66,25.83,9.8
INV-00544,2025-02-16,A,Yangon,Normal,Male,Electronic accessories,99.62,10,49.81,1046.01,Cash,996.2,49.81,5.6
INV-00545,2025-02-10,B,Mandalay,Normal,Female,Food and beverages,17.17,7,6.01,126.2,Ewallet,120.19,6.01,9.8
INV-00546,2025-03-31,A,Yangon,Member,Female,Fashion accessories,103.93,1,5.2,109.13,Cash,103.93,5.2,4.2
INV-00547,2025-09-19,C,Naypyitaw,Member,Male,Food and beverages,142.71,10,71.36,1498.46,Credit card,1427.1,71.36,5.4
INV-00548,2025-03-22,A,Yangon,Normal,Female,Health and beauty,199.4,7,69.79,1465.59,Credit card,1395.8,69.79,7.5
INV-00549,2025-01-08,C,Naypyitaw,Normal,Female,Fashion accessories,143.69,2,14.37,301.75,Credit card,287.38,14.37,9.8
INV-00550,2025-04-26,B,Mandalay,Normal,Male,Food and beverages,192.98,8,77.19,1621.03,Credit card,1543.84,77.19,5.1
INV-00551,2025-02-24,C,Naypyitaw,Normal,Male,Food and beverages,23.75,5,5.94,124.69,Ewallet,118.75,5.94,9.7
INV-00552,2025-10-22,C,Naypyitaw,Normal,Male,Home and lifestyle,141.9,7,49.67,1042.97,Credit card,993.3,49.67,9.8
INV-00553,2025-12-15,B,Mandalay,Normal,Male,Sports and travel,180.34,1,9.02,189.36,Credit card,180.34,9.02,4.4
INV-00554,2025-04-23,C,Naypyitaw,Normal,Female,Fashion accessories,143.22,6,42.97,902.29,Ewallet,859.32,42.97,7.2
INV-00555,2025-05-15,C,Naypyitaw,Normal,Male,Electronic accessories,64.59,7,22.61,474.74,Ewallet,452.13,22.61,9.6
INV-00556,2025-06-10,B,Mandalay,Normal,Male,Home and lifestyle,51.53,10,25.77,541.07,Ewallet,515.3,25.77,8.1
INV-00557,2025-09-13,A,Yangon,Normal,Male,Fashion accessories,47.94,4,9.59,201.35,Cash,191.76,9.59,5.2
INV-00558,2025-11-13,A,Yangon,Member,Male,Home and lifestyle,39.64,2,3.96,83.24,Ewallet,79.28,3.96,9.7
INV-00559,2025-11-11,B,Mandalay,Member,Female,Health and beauty,155.21,9,69.84,1466.73,Credit card,1396.89,69.84,7.7
INV-00560,2025-10-22,B,Mandalay,Normal,Female,Home and lifestyle,103.25,9,46.46,975.71,Cash,929.25,46.46,8.5
INV-00561,2025-01-28,A,Yangon,Member,Female,Food and beverages,161.86,8,64.74,1359.62,Credit card,1294.88,64.74,9.2
INV-00562,2025-08-23,A,Yangon,Normal,Male,Health and beauty,142.67,8,57.07,1198.43,Cash,1141.36,57.07,8.0
INV-00563,2025-10-25,B,Mandalay,Normal,Male,Health and beauty,71.83,10,35.91,754.21,Ewallet,718.3,35.91,5.6
INV-00564,2025-08-30,B,Mandalay,Normal,Female,Food and beverages,75.19,3,11.28,236.85,Cash,225.57,11.28,6.5
INV-00565,2025-07-06,B,Mandalay,Member,Male,Sports and travel,63.13,3,9.47,198.86,Cash,189.39,9.47,8.3
INV-00566,2025-10-12,A,Yangon,Member,Male,Sports and travel,172.7,4,34.54,725.34,Credit card,690.8,34.54,8.8
INV-00567,2025-08-04,A,Yangon,Normal,Female,Sports and travel,35.55,9,16.0,335.95,Credit card,319.95,16.0,5.5
INV-00568,2025-01-25,C,Naypyitaw,Member,Male,Sports and travel,28.81,3,4.32,90.75,Credit card,86.43,4.32,6.9
INV-00569,2025-02-19,C,Naypyitaw,Normal,Female,Sports and travel,151.47,5,37.87,795.22,Ewallet,757.35,37.87,7.3
INV-00570,2025-06-26,B,Mandalay,Member,Male,Health and beauty,88.23,6,26.47,555.85,Credit card,529.38,26.47,6.1
INV-00571,2025-09-19,C,Naypyitaw,Member,Female,Sports and travel,157.2,8,62.88,1320.48,Ewallet,1257.6,62.88,5.7
INV-00572,2025-03-16,C,Naypyitaw,Normal,Female,Electronic accessories,131.71,6,39.51,829.77,Cash,790.26,39.51,4.5
INV-00573,2025-04-27,B,Mandalay,Normal,Female,Home and lifestyle,70.21,5,17.55,368.6,Credit card,351.05,17.55,9.3
INV-00574,2025-10-28,B,Mandalay,Member,Male,Food and beverages,193.45,7,67.71,1421.86,Cash,1354.15,67.71,4.8
INV-00575,2025-12-05,A,Yangon,Member,Male,Home and lifestyle,188.68,2,18.87,396.23,Credit card,377.36,18.87,4.6
INV-00576,2025-08-31,A,Yangon,Member,Male,Food and beverages,20.23,7,7.08,148.69,Credit card,141.61,7.08,7.7
INV-00577,2025-12-02,A,Yangon,Normal,Female,Sports and travel,68.78,4,13.76,288.88,Ewallet,275.12,13.76,4.8
INV-00578,2025-03-29,C,Naypyitaw,Normal,Female,Health and beauty,16.68,6,5.0,105.08,Credit card,100.08,5.0,9.8
INV-00579,2025-05-20,C,Naypyitaw,Member,Female,Food and beverages,94.52,9,42.53,893.21,Ewallet,850.68,42.53,8.5
INV-00580,2025-08-11,C,Naypyitaw,Normal,Female,Food and beverages,131.56,9,59.2,1243.24,Credit card,1184.04,59.2,7.2
INV-00581,2025-08-15,A,Yangon,Member,Female,Home and lifestyle,79.5,5,19.88,417.38,Cash,397.5,19.88,4.0
INV-00582,2025-06-26,A,Yangon,Normal,Female,Home and lifestyle,99.15,1,4.96,104.11,Credit card,99.15,4.96,4.1
INV-00583,2025-05-30,B,Mandalay,Normal,Male,Food and beverages,53.93,1,2.7,56.63,Credit card,53.93,2.7,9.3
INV-00584,2025-07-22,B,Mandalay,Normal,Male,Electronic accessories,41.02,7,14.36,301.5,Credit card,287.14,14.36,4.5
INV-00585,2025-05-03,C,Naypyitaw,Normal,Female,Food and beverages,155.26,10,77.63,1630.23,Ewallet,1552.6,77.63,8.5
INV-00586,2025-07-31,B,Mandalay,Member,Female,Electronic accessories,172.16,3,25.82,542.3,Cash,516.48,25.82,7.8
INV-00587,2025-08-20,C,Naypyitaw,Member,Female,Home and lifestyle,143.09,8,57.24,1201.96,Cash,1144.72,57.24,4.9
INV-00588,2025-01-12,C,Naypyitaw,Normal,Male,Electronic accessories,194.74,5,48.69,1022.39,Ewallet,973.7,48.69,6.6
INV-00589,2025-04-30,A,Yangon,Member,Female,Health and beauty,38.63,8,15.45,324.49,Credit card,309.04,15.45,5.9
INV-00590,2025-07-10,B,Mandalay,Normal,Male,Sports and travel,142.42,1,7.12,149.54,Cash,142.42,7.12,4.3
INV-00591,2025-02-06,B,Mandalay,Normal,Female,Food and beverages,99.33,4,19.87,417.19,Cash,397.32,19.87,4.7
INV-00592,2025-05-08,C,Naypyitaw,Member,Male,Sports and travel,156.53,8,62.61,1314.85,Cash,1252.24,62.61,6.8
INV-00593,2025-09-24,A,Yangon,Normal,Female,Fashion accessories,196.6,8,78.64,1651.44,Credit card,1572.8,78.64,5.0
INV-00594,2025-01-22,C,Naypyitaw,Member,Female,Fashion accessories,188.11,9,84.65,1777.64,Credit card,1692.99,84.65,7.8
INV-00595,2025-07-04,A,Yangon,Member,Male,Health and beauty,174.09,4,34.82,731.18,Ewallet,696.36,34.82,6.6
INV-00596,2025-03-27,A,Yangon,Member,Male,Home and lifestyle,121.09,7,42.38,890.01,Cash,847.63,42.38,7.5
INV-00597,2025-09-01,C,Naypyitaw,Member,Male,Fashion accessories,123.28,6,36.98,776.66,Cash,739.68,36.98,7.0
INV-00598,2025-11-13,C,Naypyitaw,Member,Female,Home and lifestyle,186.86,1,9.34,196.2,Ewallet,186.86,9.34,4.9
INV-00599,2025-02-24,C,Naypyitaw,Normal,Female,Electronic accessories,102.69,6,30.81,646.95,Ewallet,616.14,30.81,5.2
INV-00600,2025-07-13,C,Naypyitaw,Member,Female,Home and lifestyle,147.64,5,36.91,775.11,Ewallet,738.2,36.91,6.6
INV-00601,2025-10-05,B,Mandalay,Member,Female,Fashion accessories,103.12,10,51.56,1082.76,Credit card,1031.2,51.56,8.4
INV-00602,2025-11-03,B,Mandalay,Member,Female,Food and beverages,40.47,9,18.21,382.44,Credit card,364.23,18.21,8.9
INV-00603,2025-07-07,C,Naypyitaw,Normal,Male,Sports and travel,10.14,9,4.56,95.82,Cash,91.26,4.56,7.7
INV-00604,2025-11-14,B,Mandalay,Normal,Male,Electronic accessories,70.93,2,7.09,148.95,Ewallet,141.86,7.09,8.1
INV-00605,2025-03-20,C,Naypyitaw,Normal,Male,Food and beverages,63.79,7,22.33,468.86,Cash,446.53,22.33,7.1
INV-00606,2025-01-23,A,Yangon,Member,Male,Electronic accessories,43.94,1,2.2,46.14,Credit card,43.94,2.2,5.1
INV-00607,2025-10-20,A,Yangon,Normal,Male,Fashion accessories,168.9,8,67.56,1418.76,Credit card,1351.2,67.56,5.3
INV-00608,2025-02-06,C,Naypyitaw,Normal,Male,Health and beauty,186.74,4,37.35,784.31,Credit card,746.96,37.35,8.8
INV-00609,2025-07-04,A,Yangon,Normal,Male,Food and beverages,151.26,7,52.94,1111.76,Ewallet,1058.82,52.94,5.6
INV-00610,2025-02-06,A,Yangon,Member,Male,Home and lifestyle,24.81,4,4.96,104.2,Ewallet,99.24,4.96,5.4
INV-00611,2025-04-08,B,Mandalay,Member,Female,Electronic accessories,109.98,4,22.0,461.92,Ewallet,439.92,22.0,4.6
INV-00612,2025-10-23,C,Naypyitaw,Member,Male,Home and lifestyle,138.15,7,48.35,1015.4,Cash,967.05,48.35,7.3
INV-00613,2025-06-22,C,Naypyitaw,Normal,Female,Fashion accessories,40.05,10,20.03,420.53,Credit card,400.5,20.03,7.3
INV-00614,2025-07-10,B,Mandalay,Normal,Male,Sports and travel,155.2,7,54.32,1140.72,Ewallet,1086.4,54.32,7.3
INV-00615,2025-10-09,B,Mandalay,Normal,Female,Fashion accessories,58.28,8,23.31,489.55,Cash,466.24,23.31,8.4
INV-00616,2025-11-02,B,Mandalay,Member,Female,Health and beauty,108.35,5,27.09,568.84,Cash,541.75,27.09,5.3
INV-00617,2025-01-12,B,Mandalay,Member,Male,Fashion accessories,166.24,9,74.81,1570.97,Cash,1496.16,74.81,6.8
INV-00618,2025-03-12,A,Yangon,Member,Male,Home and lifestyle,79.75,10,39.88,837.38,Credit card,797.5,39.88,8.9
INV-00619,2025-10-20,A,Yangon,Member,Female,Sports and travel,118.12,4,23.62,496.1,Credit card,472.48,23.62,5.0
INV-00620,2025-12-26,C,Naypyitaw,Normal,Male,Food and beverages,165.71,2,16.57,347.99,Ewallet,331.42,16.57,8.9
INV-00621,2025-02-10,B,Mandalay,Normal,Female,Health and beauty,185.16,6,55.55,1166.51,Credit card,1110.96,55.55,9.6
INV-00622,2025-04-27,A,Yangon,Member,Female,Fashion accessories,134.03,10,67.02,1407.32,Cash,1340.3,67.02,5.8
INV-00623,2025-06-13,A,Yangon,Member,Male,Food and beverages,117.33,6,35.2,739.18,Cash,703.98,35.2,8.0
INV-00624,2025-08-17,B,Mandalay,Member,Female,Food and beverages,119.3,2,11.93,250.53,Credit card,238.6,11.93,8.7
INV-00625,2025-03-09,A,Yangon,Member,Female,Home and lifestyle,25.68,10,12.84,269.64,Credit card,256.8,12.84,4.5
INV-00626,2025-08-11,C,Naypyitaw,Normal,Male,Fashion accessories,34.77,3,5.22,109.53,Credit card,104.31,5.22,6.4
INV-00627,2025-04-11,C,Naypyitaw,Member,Male,Food and beverages,127.04,9,57.17,1200.53,Cash,1143.36,57.17,5.6
INV-00628,2025-06-15,B,Mandalay,Member,Female,Fashion accessories,185.59,2,18.56,389.74,Credit card,371.18,18.56,6.2
INV-00629,2025-06-14,A,Yangon,Normal,Male,Home and lifestyle,122.84,1,6.14,128.98,Credit card,122.84,6.14,7.7
INV-00630,2025-11-16,B,Mandalay,Member,Female,Electronic accessories,93.69,4,18.74,393.5,Cash,374.76,18.74,8.5
INV-00631,2025-02-27,A,Yangon,Member,Female,Fashion accessories,20.36,10,10.18,213.78,Cash,203.6,10.18,6.1
INV-00632,2025-06-06,A,Yangon,Member,Male,Sports and travel,99.53,6,29.86,627.04,Cash,597.18,29.86,7.3
INV-00633,2025-10-08,B,Mandalay,Member,Female,Sports and travel,128.38,3,19.26,404.4,Ewallet,385.14,19.26,9.4
INV-00634,2025-01-23,C,Naypyitaw,Member,Female,Home and lifestyle,42.36,5,10.59,222.39,Cash,211.8,10.59,6.8
INV-00635,2025-02-04,A,Yangon,Member,Male,Sports and travel,135.47,6,40.64,853.46,Credit card,812.82,40.64,9.2
INV-00636,2025-07-17,C,Naypyitaw,Member,Female,Electronic accessories,196.16,9,88.27,1853.71,Credit card,1765.44,88.27,9.2
INV-00637,2025-02-15,C,Naypyitaw,Member,Male,Electronic accessories,47.79,8,19.12,401.44,Cash,382.32,19.12,9.5
INV-00638,2025-06-20,B,Mandalay,Member,Female,Sports and travel,84.75,3,12.71,266.96,Ewallet,254.25,12.71,6.1
INV-00639,2025-06-04,C,Naypyitaw,Normal,Male,Electronic accessories,199.24,9,89.66,1882.82,Ewallet,1793.16,89.66,5.5
INV-00640,2025-01-16,B,Mandalay,Member,Female,Food and beverages,190.33,4,38.07,799.39,Credit card,761.32,38.07,7.9
INV-00641,2025-07-15,A,Yangon,Member,Female,Food and beverages,192.52,10,96.26,2021.46,Cash,1925.2,96.26,7.4
INV-00642,2025-06-09,B,Mandalay,Member,Male,Food and beverages,72.56,9,32.65,685.69,Ewallet,653.04,32.65,4.8
INV-00643,2025-12-17,C,Naypyitaw,Member,Female,Electronic accessories,173.89,5,43.47,912.92,Cash,869.45,43.47,7.9
INV-00644,2025-03-22,C,Naypyitaw,Member,Male,Home and lifestyle,22.88,9,10.3,216.22,Credit card,205.92,10.3,9.0
INV-00645,2025-01-16,A,Yangon,Normal,Female,Home and lifestyle,177.23,7,62.03,1302.64,Credit card,1240.61,62.03,8.5
INV-00646,2025-05-21,C,Naypyitaw,Member,Male,Electronic accessories,158.03,2,15.8,331.86,Cash,316.06,15.8,8.6
INV-00647,2025-11-12,C,Naypyitaw,Member,Male,Home and lifestyle,125.06,10,62.53,1313.13,Cash,1250.6,62.53,8.1
INV-00648,2025-02-10,B,Mandalay,Normal,Female,Fashion accessories,158.17,3,23.73,498.24,Cash,474.51,23.73,9.1
INV-00649,2025-08-31,B,Mandalay,Member,Female,Electronic accessories,41.12,4,8.22,172.7,Cash,164.48,8.22,9.6
INV-00650,2025-04-24,B,Mandalay,Member,Male,Fashion accessories,137.55,4,27.51,577.71,Cash,550.2,27.51,9.6
INV-00651,2025-11-12,B,Mandalay,Member,Female,Sports and travel,140.69,8,56.28,1181.8,Credit card,1125.52,56.28,8.7
INV-00652,2025-07-14,C,Naypyitaw,Member,Male,Fashion accessories,69.45,10,34.73,729.23,Credit card,694.5,34.73,6.7
INV-00653,2025-05-06,A,Yangon,Normal,Male,Food and beverages,112.2,1,5.61,117.81,Cash,112.2,5.61,5.7
INV-00654,2025-06-05,B,Mandalay,Normal,Male,Home and lifestyle,97.66,7,34.18,717.8,Ewallet,683.62,34.18,7.1
INV-00655,2025-08-26,A,Yangon,Member,Male,Fashion accessories,95.82,9,43.12,905.5,Ewallet,862.38,43.12,9.6
INV-00656,2025-10-07,C,Naypyitaw,Normal,Male,Electronic accessories,84.68,6,25.4,533.48,Cash,508.08,25.4,6.7
INV-00657,2025-04-14,C,Naypyitaw,Member,Male,Sports and travel,27.13,6,8.14,170.92,Cash,162.78,8.14,4.7
INV-00658,2025-11-21,B,Mandalay,Member,Female,Home and lifestyle,26.21,7,9.17,192.64,Ewallet,183.47,9.17,6.3
INV-00659,2025-06-21,A,Yangon,Member,Male,Food and beverages,175.55,3,26.33,552.98,Cash,526.65,26.33,8.6
INV-00660,2025-08-03,A,Yangon,Normal,Male,Home and lifestyle,68.81,8,27.52,578.0,Cash,550.48,27.52,9.4
INV-00661,2025-01-02,A,Yangon,Normal,Female,Food and beverages,155.43,1,7.77,163.2,Credit card,155.43,7.77,7.3
INV-00662,2025-11-08,A,Yangon,Normal,Female,Sports and travel,55.2,10,27.6,579.6,Credit card,552.0,27.6,6.7
INV-00663,2025-11-04,C,Naypyitaw,Normal,Male,Health and beauty,56.5,9,25.43,533.93,Cash,508.5,25.43,5.1
INV-00664,2025-12-01,A,Yangon,Normal,Female,Home and lifestyle,16.98,1,0.85,17.83,Cash,16.98,0.85,4.3
INV-00665,2025-04-02,B,Mandalay,Member,Female,Electronic accessories,137.7,10,68.85,1445.85,Ewallet,1377.0,68.85,7.5
INV-00666,2025-02-17,A,Yangon,Member,Female,Home and lifestyle,71.34,7,24.97,524.35,Ewallet,499.38,24.97,4.4
INV-00667,2025-03-10,B,Mandalay,Normal,Female,Health and beauty,141.98,5,35.49,745.39,Ewallet,709.9,35.49,5.3
INV-00668,2025-11-10,A,Yangon,Member,Female,Health and beauty,30.77,9,13.85,290.78,Ewallet,276.93,13.85,8.1
INV-00669,2025-05-28,C,Naypyitaw,Normal,Female,Sports and travel,125.68,6,37.7,791.78,Cash,754.08,37.7,7.7
INV-00670,2025-09-24,B,Mandalay,Member,Male,Fashion accessories,130.05,8,52.02,1092.42,Ewallet,1040.4,52.02,5.7
INV-00671,2025-01-01,A,Yangon,Member,Female,Health and beauty,14.56,2,1.46,30.58,Credit card,29.12,1.46,4.3
INV-00672,2025-10-14,B,Mandalay,Normal,Female,Fashion accessories,50.34,4,10.07,211.43,Cash,201.36,10.07,5.8
INV-00673,2025-10-09,C,Naypyitaw,Normal,Female,Home and lifestyle,155.74,2,15.57,327.05,Credit card,311.48,15.57,8.3
INV-00674,2025-01-15,C,Naypyitaw,Normal,Female,Electronic accessories,46.86,6,14.06,295.22,Cash,281.16,14.06,7.9
INV-00675,2025-03-21,B,Mandalay,Normal,Female,Fashion accessories,97.52,9,43.88,921.56,Credit card,877.68,43.88,9.6
INV-00676,2025-09-24,A,Yangon,Member,Male,Home and lifestyle,117.34,6,35.2,739.24,Ewallet,704.04,35.2,8.1
INV-00677,2025-02-03,B,Mandalay,Normal,Female,Electronic accessories,63.29,1,3.16,66.45,Ewallet,63.29,3.16,7.2
INV-00678,2025-10-20,A,Yangon,Member,Female,Food and beverages,84.02,10,42.01,882.21,Ewallet,840.2,42.01,9.1
INV-00679,2025-01-17,C,Naypyitaw,Member,Female,Home and lifestyle,88.64,8,35.46,744.58,Credit card,709.12,35.46,9.0
INV-00680,2025-04-21,B,Mandalay,Normal,Male,Food and beverages,67.44,2,6.74,141.62,Cash,134.88,6.74,9.5
INV-00681,2025-09-17,B,Mandalay,Member,Male,Health and beauty,161.81,9,72.81,1529.1,Credit card,1456.29,72.81,9.5
INV-00682,2025-09-26,C,Naypyitaw,Member,Male,Home and lifestyle,157.35,3,23.6,495.65,Cash,472.05,23.6,8.3
INV-00683,2025-07-18,B,Mandalay,Member,Female,Fashion accessories,174.31,2,17.43,366.05,Cash,348.62,17.43,8.1
INV-00684,2025-02-14,C,Naypyitaw,Member,Female,Home and lifestyle,98.71,1,4.94,103.65,Cash,98.71,4.94,7.5
INV-00685,2025-11-24,B,Mandalay,Normal,Female,Electronic accessories,70.97,4,14.19,298.07,Ewallet,283.88,14.19,5.9
INV-00686,2025-12-10,B,Mandalay,Normal,Male,Health and beauty,61.8,3,9.27,194.67,Cash,185.4,9.27,9.7
INV-00687,2025-09-21,C,Naypyitaw,Normal,Female,Health and beauty,49.25,6,14.78,310.28,Cash,295.5,14.78,9.7
INV-00688,2025-10-21,B,Mandalay,Normal,Female,Electronic accessories,42.54,5,10.63,223.33,Cash,212.7,10.63,4.8
INV-00689,2025-12-12,B,Mandalay,Member,Female,Health and beauty,30.13,1,1.51,31.64,Credit card,30.13,1.51,5.1
INV-00690,2025-10-31,C,Naypyitaw,Normal,Female,Fashion accessories,168.87,8,67.55,1418.51,Credit card,1350.96,67.55,8.9
INV-00691,2025-12-10,C,Naypyitaw,Member,Male,Food and beverages,24.92,8,9.97,209.33,Ewallet,199.36,9.97,6.8
INV-00692,2025-06-08,B,Mandalay,Normal,Male,Fashion accessories,132.44,8,52.98,1112.5,Cash,1059.52,52.98,4.9
INV-00693,2025-05-13,C,Naypyitaw,Normal,Female,Home and lifestyle,84.49,6,25.35,532.29,Credit card,506.94,25.35,4.2
INV-00694,2025-02-27,B,Mandalay,Normal,Female,Home and lifestyle,100.94,3,15.14,317.96,Ewallet,302.82,15.14,7.4
INV-00695,2025-02-22,C,Naypyitaw,Normal,Male,Sports and travel,165.34,2,16.53,347.21,Credit card,330.68,16.53,7.2
INV-00696,2025-10-30,B,Mandalay,Member,Female,Sports and travel,55.33,4,11.07,232.39,Credit card,221.32,11.07,4.4
INV-00697,2025-12-22,A,Yangon,Normal,Male,Food and beverages,91.92,7,32.17,675.61,Cash,643.44,32.17,8.0
INV-00698,2025-12-31,A,Yangon,Normal,Female,Food and beverages,168.98,2,16.9,354.86,Ewallet,337.96,16.9,4.6
INV-00699,2025-04-01,B,Mandalay,Member,Female,Home and lifestyle,191.62,2,19.16,402.4,Credit card,383.24,19.16,7.0
INV-00700,2025-02-01,C,Naypyitaw,Member,Male,Health and beauty,51.35,3,7.7,161.75,Ewallet,154.05,7.7,4.9
INV-00701,2025-05-30,C,Naypyitaw,Member,Male,Sports and travel,126.96,8,50.78,1066.46,Ewallet,1015.68,50.78,9.3
INV-00702,2025-10-19,B,Mandalay,Normal,Male,Fashion accessories,67.86,7,23.75,498.77,Ewallet,475.02,23.75,4.0
INV-00703,2025-07-26,C,Naypyitaw,Normal,Male,Electronic accessories,171.98,1,8.6,180.58,Cash,171.98,8.6,8.2
INV-00704,2025-02-26,B,Mandalay,Normal,Female,Home and lifestyle,174.48,4,34.9,732.82,Ewallet,697.92,34.9,5.9
INV-00705,2025-07-27,B,Mandalay,Member,Female,Sports and travel,92.69,4,18.54,389.3,Cash,370.76,18.54,5.1
INV-00706,2025-07-04,B,Mandalay,Member,Male,Sports and travel,39.31,3,5.9,123.83,Cash,117.93,5.9,7.9
INV-00707,2025-09-07,A,Yangon,Member,Male,Fashion accessories,92.98,3,13.95,292.89,Ewallet,278.94,13.95,8.8
INV-00708,2025-12-23,B,Mandalay,Member,Female,Food and beverages,186.76,10,93.38,1960.98,Ewallet,1867.6,93.38,6.5
INV-00709,2025-07-16,B,Mandalay,Member,Female,Home and lifestyle,52.89,7,18.51,388.74,Ewallet,370.23,18.51,5.4
INV-00710,2025-05-18,C,Naypyitaw,Normal,Male,Sports and travel,186.05,10,93.03,1953.53,Cash,1860.5,93.03,7.4
INV-00711,2025-07-08,C,Naypyitaw,Member,Female,Health and beauty,120.25,2,12.03,252.53,Credit card,240.5,12.03,7.1
INV-00712,2025-11-09,C,Naypyitaw,Normal,Male,Health and beauty,56.59,2,5.66,118.84,Credit card,113.18,5.66,7.2
INV-00713,2025-08-29,A,Yangon,Normal,Female,Sports and travel,107.41,8,42.96,902.24,Credit card,859.28,42.96,9.8
INV-00714,2025-05-29,B,Mandalay,Normal,Female,Electronic accessories,16.71,10,8.36,175.46,Cash,167.1,8.36,7.8
INV-00715,2025-03-28,C,Naypyitaw,Member,Female,Food and beverages,19.81,5,4.95,104.0,Credit card,99.05,4.95,4.5
INV-00716,2025-02-09,C,Naypyitaw,Normal,Female,Home and lifestyle,57.89,10,28.95,607.85,Credit card,578.9,28.95,4.1
INV-00717,2025-11-06,A,Yangon,Normal,Female,Electronic accessories,182.92,3,27.44,576.2,Cash,548.76,27.44,5.6
INV-00718,2025-05-01,C,Naypyitaw,Member,Female,Sports and travel,44.35,9,19.96,419.11,Cash,399.15,19.96,9.8
INV-00719,2025-03-20,C,Naypyitaw,Normal,Male,Sports and travel,153.02,7,53.56,1124.7,Ewallet,1071.14,53.56,6.6
INV-00720,2025-03-27,C,Naypyitaw,Member,Female,Electronic accessories,119.77,6,35.93,754.55,Cash,718.62,35.93,4.3
INV-00721,2025-07-24,B,Mandalay,Member,Female,Sports and travel,67.26,9,30.27,635.61,Ewallet,605.34,30.27,8.2
INV-00722,2025-05-15,B,Mandalay,Member,Female,Electronic accessories,110.78,7,38.77,814.23,Credit card,775.46,38.77,6.3
INV-00723,2025-09-29,B,Mandalay,Normal,Female,Fashion accessories,191.62,2,19.16,402.4,Ewallet,383.24,19.16,9.5
INV-00724,2025-06-21,B,Mandalay,Normal,Female,Home and lifestyle,60.75,2,6.08,127.58,Credit card,121.5,6.08,8.6
INV-00725,2025-05-04,C,Naypyitaw,Normal,Male,Fashion accessories,137.66,4,27.53,578.17,Credit card,550.64,27.53,7.3
INV-00726,2025-01-05,C,Naypyitaw,Member,Female,Health and beauty,12.27,2,1.23,25.77,Credit card,24.54,1.23,5.3
INV-00727,2025-05-09,B,Mandalay,Member,Male,Electronic accessories,16.47,10,8.23,172.93,Ewallet,164.7,8.23,7.9
INV-00728,2025-11-03,A,Yangon,Member,Male,Fashion accessories,33.14,2,3.31,69.59,Credit card,66.28,3.31,7.9
INV-00729,2025-10-17,C,Naypyitaw,Normal,Female,Electronic accessories,180.24,3,27.04,567.76,Credit card,540.72,27.04,8.0
INV-00730,2025-11-24,A,Yangon,Normal,Female,Sports and travel,185.31,5,46.33,972.88,Credit card,926.55,46.33,5.0
INV-00731,2025-05-22,A,Yangon,Member,Female,Health and beauty,82.73,6,24.82,521.2,Credit card,496.38,24.82,5.1
INV-00732,2025-09-09,A,Yangon,Normal,Male,Electronic accessories,125.96,3,18.89,396.77,Cash,377.88,18.89,7.2
INV-00733,2025-04-22,B,Mandalay,Normal,Male,Food and beverages,132.23,8,52.89,1110.73,Cash,1057.84,52.89,4.4
INV-00734,2025-05-09,C,Naypyitaw,Member,Male,Sports and travel,13.57,8,5.43,113.99,Cash,108.56,5.43,8.0
INV-00735,2025-03-19,B,Mandalay,Member,Female,Fashion accessories,72.67,7,25.43,534.12,Credit card,508.69,25.43,6.6
INV-00736,2025-02-05,C,Naypyitaw,Normal,Male,Food and beverages,52.91,7,18.52,388.89,Ewallet,370.37,18.52,7.2
INV-00737,2025-06-20,B,Mandalay,Member,Female,Fashion accessories,67.54,1,3.38,70.92,Ewallet,67.54,3.38,9.1
INV-00738,2025-02-11,B,Mandalay,Member,Male,Sports and travel,154.49,5,38.62,811.07,Ewallet,772.45,38.62,4.2
INV-00739,2025-12-05,B,Mandalay,Member,Female,Electronic accessories,66.79,7,23.38,490.91,Credit card,467.53,23.38,4.5
INV-00740,2025-08-13,C,Naypyitaw,Member,Male,Fashion accessories,46.0,1,2.3,48.3,Ewallet,46.0,2.3,10.0
INV-00741,2025-09-08,A,Yangon,Normal,Female,Sports and travel,21.97,9,9.89,207.62,Ewallet,197.73,9.89,9.8
INV-00742,2025-01-09,B,Mandalay,Member,Female,Health and beauty,74.46,6,22.34,469.1,Cash,446.76,22.34,5.3
INV-00743,2025-12-08,C,Naypyitaw,Member,Male,Food and beverages,97.09,9,43.69,917.5,Cash,873.81,43.69,4.2
INV-00744,2025-09-08,A,Yangon,Member,Male,Fashion accessories,13.62,10,6.81,143.01,Ewallet,136.2,6.81,7.9
INV-00745,2025-03-30,A,Yangon,Member,Female,Fashion accessories,19.49,5,4.87,102.32,Ewallet,97.45,4.87,5.0
INV-00746,2025-02-02,C,Naypyitaw,Member,Male,Health and beauty,31.69,10,15.85,332.75,Cash,316.9,15.85,6.6
INV-00747,2025-12-14,C,Naypyitaw,Member,Female,Sports and travel,71.6,10,35.8,751.8,Cash,716.0,35.8,8.6
INV-00748,2025-03-30,C,Naypyitaw,Member,Female,Home and lifestyle,22.01,5,5.5,115.55,Cash,110.05,5.5,8.2
INV-00749,2025-03-26,C,Naypyitaw,Member,Male,Sports and travel,56.29,10,28.14,591.04,Cash,562.9,28.14,8.7
INV-00750,2025-11-10,C,Naypyitaw,Normal,Male,Sports and travel,157.76,1,7.89,165.65,Cash,157.76,7.89,4.0
INV-00751,2025-12-28,A,Yangon,Normal,Female,Fashion accessories,122.81,5,30.7,644.75,Ewallet,614.05,30.7,4.8
INV-00752,2025-11-24,A,Yangon,Member,Male,Home and lifestyle,109.39,7,38.29,804.02,Ewallet,765.73,38.29,8.2
INV-00753,2025-04-03,C,Naypyitaw,Normal,Female,Fashion accessories,104.98,2,10.5,220.46,Credit card,209.96,10.5,4.0
INV-00754,2025-04-09,A,Yangon,Normal,Male,Health and beauty,197.45,2,19.75,414.65,Credit card,394.9,19.75,8.6
INV-00755,2025-04-17,C,Naypyitaw,Member,Female,Home and lifestyle,20.08,2,2.01,42.17,Credit card,40.16,2.01,5.1
INV-00756,2025-01-23,C,Naypyitaw,Member,Female,Health and beauty,132.52,5,33.13,695.73,Credit card,662.6,33.13,6.0
INV-00757,2025-01-23,B,Mandalay,Member,Male,Health and beauty,150.68,9,67.81,1423.93,Cash,1356.12,67.81,6.9
INV-00758,2025-02-06,A,Yangon,Normal,Female,Electronic accessories,147.07,10,73.53,1544.23,Cash,1470.7,73.53,8.5
INV-00759,2025-04-28,B,Mandalay,Member,Female,Health and beauty,71.97,2,7.2,151.14,Cash,143.94,7.2,6.3
INV-00760,2025-02-07,A,Yangon,Normal,Male,Sports and travel,121.17,1,6.06,127.23,Cash,121.17,6.06,9.6
INV-00761,2025-04-02,B,Mandalay,Member,Female,Sports and travel,80.96,8,32.38,680.06,Credit card,647.68,32.38,5.2
INV-00762,2025-01-17,A,Yangon,Member,Male,Fashion accessories,118.05,5,29.51,619.76,Credit card,590.25,29.51,6.8
INV-00763,2025-06-25,A,Yangon,Member,Male,Electronic accessories,178.42,10,89.21,1873.41,Ewallet,1784.2,89.21,9.8
INV-00764,2025-02-14,A,Yangon,Member,Female,Sports and travel,172.83,8,69.13,1451.77,Credit card,1382.64,69.13,5.7
INV-00765,2025-08-08,C,Naypyitaw,Normal,Female,Fashion accessories,175.79,4,35.16,738.32,Ewallet,703.16,35.16,5.3
INV-00766,2025-03-18,C,Naypyitaw,Member,Male,Food and beverages,180.67,7,63.23,1327.92,Credit card,1264.69,63.23,8.4
INV-00767,2025-01-18,C,Naypyitaw,Member,Female,Sports and travel,110.91,8,44.36,931.64,Credit card,887.28,44.36,5.4
INV-00768,2025-01-07,C,Naypyitaw,Member,Female,Fashion accessories,149.04,4,29.81,625.97,Credit card,596.16,29.81,5.4
INV-00769,2025-01-09,A,Yangon,Normal,Male,Sports and travel,137.12,3,20.57,431.93,Credit card,411.36,20.57,6.8
INV-00770,2025-12-27,A,Yangon,Normal,Male,Sports and travel,45.14,6,13.54,284.38,Ewallet,270.84,13.54,4.4
INV-00771,2025-06-20,C,Naypyitaw,Normal,Male,Food and beverages,16.22,7,5.68,119.22,Ewallet,113.54,5.68,4.5
INV-00772,2025-01-29,B,Mandalay,Member,Male,Food and beverages,189.61,6,56.88,1194.54,Credit card,1137.66,56.88,6.2
INV-00773,2025-01-21,C,Naypyitaw,Member,Male,Home and lifestyle,79.62,9,35.83,752.41,Cash,716.58,35.83,9.9
INV-00774,2025-10-04,A,Yangon,Member,Male,Health and beauty,133.32,10,66.66,1399.86,Credit card,1333.2,66.66,6.1
INV-00775,2025-09-15,B,Mandalay,Member,Female,Fashion accessories,90.36,1,4.52,94.88,Credit card,90.36,4.52,6.7
INV-00776,2025-09-27,C,Naypyitaw,Normal,Female,Health and beauty,99.33,9,44.7,938.67,Ewallet,893.97,44.7,6.2
INV-00777,2025-12-21,C,Naypyitaw,Member,Male,Health and beauty,45.79,8,18.32,384.64,Credit card,366.32,18.32,9.4
INV-00778,2025-02-09,B,Mandalay,Member,Female,Health and beauty,41.31,2,4.13,86.75,Cash,82.62,4.13,9.2
INV-00779,2025-11-18,C,Naypyitaw,Member,Female,Health and beauty,65.7,9,29.57,620.87,Credit card,591.3,29.57,6.5
INV-00780,2025-11-27,C,Naypyitaw,Member,Male,Health and beauty,65.39,2,6.54,137.32,Ewallet,130.78,6.54,7.9
INV-00781,2025-10-24,B,Mandalay,Normal,Female,Home and lifestyle,134.59,6,40.38,847.92,Credit card,807.54,40.38,5.8
INV-00782,2025-06-06,A,Yangon,Normal,Female,Electronic accessories,159.96,4,31.99,671.83,Credit card,639.84,31.99,8.6
INV-00783,2025-03-17,A,Yangon,Member,Female,Home and lifestyle,64.03,3,9.6,201.69,Cash,192.09,9.6,9.8
INV-00784,2025-12-21,C,Naypyitaw,Member,Male,Fashion accessories,160.95,3,24.14,506.99,Cash,482.85,24.14,10.0
INV-00785,2025-03-06,C,Naypyitaw,Member,Male,Sports and travel,59.48,3,8.92,187.36,Ewallet,178.44,8.92,5.9
INV-00786,2025-03-17,B,Mandalay,Normal,Male,Home and lifestyle,95.2,3,14.28,299.88,Cash,285.6,14.28,6.4
INV-00787,2025-03-16,B,Mandalay,Member,Female,Sports and travel,186.28,3,27.94,586.78,Ewallet,558.84,27.94,8.2
INV-00788,2025-05-29,B,Mandalay,Normal,Female,Food and beverages,136.71,10,68.36,1435.46,Ewallet,1367.1,68.36,4.7
INV-00789,2025-01-21,B,Mandalay,Normal,Male,Electronic accessories,138.82,2,13.88,291.52,Credit card,277.64,13.88,7.7
INV-00790,2025-08-17,A,Yangon,Member,Male,Home and lifestyle,27.57,1,1.38,28.95,Credit card,27.57,1.38,5.2
INV-00791,2025-10-03,A,Yangon,Normal,Male,Sports and travel,138.64,2,13.86,291.14,Credit card,277.28,13.86,5.9
INV-00792,2025-09-19,C,Naypyitaw,Normal,Male,Health and beauty,182.6,6,54.78,1150.38,Ewallet,1095.6,54.78,9.1
INV-00793,2025-07-17,B,Mandalay,Normal,Female,Home and lifestyle,12.32,6,3.7,77.62,Credit card,73.92,3.7,9.2
INV-00794,2025-04-21,A,Yangon,Normal,Female,Fashion accessories,178.68,7,62.54,1313.3,Cash,1250.76,62.54,8.8
INV-00795,2025-08-01,B,Mandalay,Member,Male,Electronic accessories,168.75,10,84.38,1771.88,Cash,1687.5,84.38,5.8
INV-00796,2025-06-21,C,Naypyitaw,Normal,Male,Health and beauty,187.3,10,93.65,1966.65,Cash,1873.0,93.65,6.5
INV-00797,2025-08-01,B,Mandalay,Member,Male,Electronic accessories,115.6,10,57.8,1213.8,Cash,1156.0,57.8,9.0
INV-00798,2025-10-11,B,Mandalay,Normal,Female,Sports and travel,18.02,5,4.5,94.6,Ewallet,90.1,4.5,8.4
INV-00799,2025-01-14,A,Yangon,Normal,Male,Health and beauty,39.26,5,9.81,206.11,Ewallet,196.3,9.81,8.0
INV-00800,2025-08-02,B,Mandalay,Member,Male,Electronic accessories,103.46,4,20.69,434.53,Credit card,413.84,20.69,7.0
INV-00801,2025-11-03,A,Yangon,Normal,Female,Fashion accessories,78.73,8,31.49,661.33,Ewallet,629.84,31.49,8.1
INV-00802,2025-03-03,C,Naypyitaw,Member,Female,Home and lifestyle,107.38,10,53.69,1127.49,Cash,1073.8,53.69,7.5
INV-00803,2025-06-13,A,Yangon,Normal,Male,Sports and travel,176.88,3,26.53,557.17,Cash,530.64,26.53,5.6
INV-00804,2025-11-22,B,Mandalay,Member,Male,Home and lifestyle,19.26,5,4.82,101.12,Ewallet,96.3,4.82,5.1
INV-00805,2025-11-03,A,Yangon,Normal,Female,Electronic accessories,113.31,6,33.99,713.85,Ewallet,679.86,33.99,8.2
INV-00806,2025-02-19,B,Mandalay,Member,Male,Food and beverages,120.21,3,18.03,378.66,Ewallet,360.63,18.03,5.7
INV-00807,2025-07-30,B,Mandalay,Member,Male,Home and lifestyle,184.97,3,27.75,582.66,Cash,554.91,27.75,7.0
INV-00808,2025-10-14,A,Yangon,Member,Female,Food and beverages,141.03,9,63.46,1332.73,Credit card,1269.27,63.46,9.5
INV-00809,2025-03-09,A,Yangon,Normal,Male,Health and beauty,101.11,5,25.28,530.83,Credit card,505.55,25.28,9.3
INV-00810,2025-09-25,C,Naypyitaw,Member,Male,Home and lifestyle,42.72,5,10.68,224.28,Cash,213.6,10.68,4.8
INV-00811,2025-03-14,C,Naypyitaw,Member,Male,Fashion accessories,53.05,3,7.96,167.11,Cash,159.15,7.96,6.5
INV-00812,2025-02-09,A,Yangon,Member,Male,Health and beauty,157.19,7,55.02,1155.35,Cash,1100.33,55.02,4.2
INV-00813,2025-09-20,C,Naypyitaw,Normal,Male,Food and beverages,21.26,2,2.13,44.65,Cash,42.52,2.13,5.8
INV-00814,2025-02-19,A,Yangon,Member,Male,Health and beauty,184.82,4,36.96,776.24,Ewallet,739.28,36.96,6.1
INV-00815,2025-03-16,A,Yangon,Normal,Female,Fashion accessories,188.95,10,94.48,1983.98,Cash,1889.5,94.48,9.1
INV-00816,2025-11-10,C,Naypyitaw,Member,Male,Electronic accessories,105.93,2,10.59,222.45,Ewallet,211.86,10.59,5.3
INV-00817,2025-05-25,A,Yangon,Member,Male,Electronic accessories,181.32,9,81.59,1713.47,Cash,1631.88,81.59,9.5
INV-00818,2025-09-01,C,Naypyitaw,Normal,Male,Home and lifestyle,142.65,3,21.4,449.35,Cash,427.95,21.4,9.0
INV-00819,2025-08-06,B,Mandalay,Member,Female,Electronic accessories,107.71,7,37.7,791.67,Cash,753.97,37.7,6.8
INV-00820,2025-03-11,C,Naypyitaw,Member,Male,Sports and travel,154.83,5,38.71,812.86,Credit card,774.15,38.71,7.0
INV-00821,2025-05-26,B,Mandalay,Normal,Male,Sports and travel,124.07,5,31.02,651.37,Ewallet,620.35,31.02,6.4
INV-00822,2025-04-07,B,Mandalay,Normal,Male,Health and beauty,180.0,8,72.0,1512.0,Cash,1440.0,72.0,10.0
INV-00823,2025-12-11,B,Mandalay,Member,Male,Health and beauty,85.31,9,38.39,806.18,Cash,767.79,38.39,6.4
INV-00824,2025-10-30,C,Naypyitaw,Member,Female,Health and beauty,150.87,3,22.63,475.24,Cash,452.61,22.63,6.0
INV-00825,2025-07-26,C,Naypyitaw,Normal,Female,Health and beauty,54.25,7,18.99,398.74,Ewallet,379.75,18.99,8.6
INV-00826,2025-05-20,C,Naypyitaw,Normal,Female,Fashion accessories,189.21,6,56.76,1192.02,Credit card,1135.26,56.76,7.1
INV-00827,2025-08-21,A,Yangon,Normal,Male,Health and beauty,33.22,8,13.29,279.05,Ewallet,265.76,13.29,9.7
INV-00828,2025-02-20,A,Yangon,Normal,Male,Fashion accessories,20.04,2,2.0,42.08,Cash,40.08,2.0,6.3
INV-00829,2025-06-17,C,Naypyitaw,Member,Male,Electronic accessories,67.52,10,33.76,708.96,Ewallet,675.2,33.76,8.5
INV-00830,2025-08-27,B,Mandalay,Normal,Female,Electronic accessories,65.78,8,26.31,552.55,Ewallet,526.24,26.31,6.1
INV-00831,2025-10-07,C,Naypyitaw,Normal,Male,Health and beauty,190.99,1,9.55,200.54,Credit card,190.99,9.55,6.7
INV-00832,2025-08-15,B,Mandalay,Normal,Male,Sports and travel,16.84,3,2.53,53.05,Credit card,50.52,2.53,6.6
INV-00833,2025-07-19,B,Mandalay,Normal,Female,Sports and travel,155.16,10,77.58,1629.18,Credit card,1551.6,77.58,7.4
INV-00834,2025-09-17,A,Yangon,Normal,Female,Health and beauty,84.36,8,33.74,708.62,Credit card,674.88,33.74,5.9
INV-00835,2025-10-30,A,Yangon,Normal,Male,Health and beauty,34.36,6,10.31,216.47,Ewallet,206.16,10.31,6.0
INV-00836,2025-08-08,A,Yangon,Normal,Male,Home and lifestyle,198.47,7,69.46,1458.75,Ewallet,1389.29,69.46,5.5
INV-00837,2025-11-28,A,Yangon,Normal,Male,Home and lifestyle,122.58,2,12.26,257.42,Credit card,245.16,12.26,5.0
INV-00838,2025-06-16,C,Naypyitaw,Normal,Female,Health and beauty,97.57,7,34.15,717.14,Cash,682.99,34.15,8.2
INV-00839,2025-01-12,C,Naypyitaw,Normal,Male,Home and lifestyle,81.77,7,28.62,601.01,Credit card,572.39,28.62,4.6
INV-00840,2025-04-16,C,Naypyitaw,Member,Female,Home and lifestyle,104.38,6,31.31,657.59,Credit card,626.28,31.31,9.8
INV-00841,2025-09-12,A,Yangon,Member,Female,Fashion accessories,170.99,2,17.1,359.08,Credit card,341.98,17.1,4.3
INV-00842,2025-07-25,C,Naypyitaw,Member,Female,Electronic accessories,128.67,2,12.87,270.21,Credit card,257.34,12.87,4.4
INV-00843,2025-09-01,C,Naypyitaw,Normal,Female,Sports and travel,49.85,2,4.99,104.69,Credit card,99.7,4.99,8.0
INV-00844,2025-04-13,B,Mandalay,Normal,Male,Sports and travel,86.44,10,43.22,907.62,Cash,864.4,43.22,7.8
INV-00845,2025-04-06,C,Naypyitaw,Normal,Female,Food and beverages,104.85,8,41.94,880.74,Ewallet,838.8,41.94,8.4
INV-00846,2025-09-25,A,Yangon,Member,Male,Electronic accessories,79.21,3,11.88,249.51,Ewallet,237.63,11.88,8.1
INV-00847,2025-08-11,B,Mandalay,Member,Female,Sports and travel,70.54,2,7.05,148.13,Credit card,141.08,7.05,8.9
INV-00848,2025-03-24,C,Naypyitaw,Normal,Male,Home and lifestyle,140.5,4,28.1,590.1,Cash,562.0,28.1,4.9
INV-00849,2025-05-06,A,Yangon,Normal,Female,Home and lifestyle,98.19,9,44.19,927.9,Ewallet,883.71,44.19,9.4
INV-00850,2025-03-23,A,Yangon,Normal,Male,Home and lifestyle,35.92,5,8.98,188.58,Ewallet,179.6,8.98,9.1
INV-00851,2025-09-06,C,Naypyitaw,Normal,Female,Health and beauty,20.51,2,2.05,43.07,Cash,41.02,2.05,9.4
INV-00852,2025-07-06,B,Mandalay,Normal,Male,Fashion accessories,134.91,2,13.49,283.31,Cash,269.82,13.49,4.7
INV-00853,2025-09-14,C,Naypyitaw,Normal,Female,Health and beauty,109.17,10,54.59,1146.29,Cash,1091.7,54.59,5.4
INV-00854,2025-06-10,A,Yangon,Member,Female,Home and lifestyle,168.14,7,58.85,1235.83,Cash,1176.98,58.85,4.9
INV-00855,2025-04-20,A,Yangon,Member,Female,Home and lifestyle,93.5,5,23.38,490.88,Ewallet,467.5,23.38,6.2
INV-00856,2025-06-12,A,Yangon,Normal,Male,Food and beverages,90.52,4,18.1,380.18,Credit card,362.08,18.1,6.9
INV-00857,2025-06-07,B,Mandalay,Member,Male,Health and beauty,132.63,10,66.31,1392.61,Ewallet,1326.3,66.31,9.5
INV-00858,2025-05-03,C,Naypyitaw,Normal,Male,Home and lifestyle,115.02,5,28.76,603.86,Ewallet,575.1,28.76,9.2
INV-00859,2025-07-18,B,Mandalay,Normal,Female,Health and beauty,182.86,7,64.0,1344.02,Cash,1280.02,64.0,9.6
INV-00860,2025-06-02,A,Yangon,Normal,Female,Electronic accessories,173.29,3,25.99,545.86,Ewallet,519.87,25.99,6.4
INV-00861,2025-05-21,A,Yangon,Normal,Female,Health and beauty,166.41,8,66.56,1397.84,Credit card,1331.28,66.56,8.3
INV-00862,2025-03-24,A,Yangon,Normal,Female,Fashion accessories,59.58,2,5.96,125.12,Ewallet,119.16,5.96,8.4
INV-00863,2025-06-17,C,Naypyitaw,Member,Female,Sports and travel,142.09,1,7.1,149.19,Ewallet,142.09,7.1,4.8
INV-00864,2025-04-13,B,Mandalay,Member,Male,Fashion accessories,68.05,10,34.02,714.52,Cash,680.5,34.02,5.5
INV-00865,2025-11-29,C,Naypyitaw,Normal,Female,Electronic accessories,170.92,7,59.82,1256.26,Credit card,1196.44,59.82,9.2
INV-00866,2025-05-14,A,Yangon,Normal,Male,Electronic accessories,140.62,6,42.19,885.91,Cash,843.72,42.19,6.5
INV-00867,2025-07-21,A,Yangon,Member,Male,Sports and travel,189.5,10,94.75,1989.75,Cash,1895.0,94.75,9.5
INV-00868,2025-11-10,C,Naypyitaw,Normal,Male,Fashion accessories,53.45,2,5.35,112.25,Credit card,106.9,5.35,8.2
INV-00869,2025-01-26,A,Yangon,Normal,Male,Sports and travel,127.42,10,63.71,1337.91,Cash,1274.2,63.71,9.7
INV-00870,2025-10-18,A,Yangon,Normal,Female,Health and beauty,12.68,9,5.71,119.83,Ewallet,114.12,5.71,7.0
INV-00871,2025-04-15,A,Yangon,Normal,Female,Electronic accessories,189.75,5,47.44,996.19,Credit card,948.75,47.44,4.8
INV-00872,2025-11-04,A,Yangon,Member,Female,Electronic accessories,199.09,5,49.77,1045.22,Cash,995.45,49.77,6.5
INV-00873,2025-01-15,A,Yangon,Normal,Male,Home and lifestyle,195.46,4,39.09,820.93,Credit card,781.84,39.09,7.5
INV-00874,2025-08-23,C,Naypyitaw,Normal,Female,Health and beauty,11.96,3,1.79,37.67,Ewallet,35.88,1.79,5.3
INV-00875,2025-12-29,B,Mandalay,Member,Male,Sports and travel,149.86,5,37.47,786.77,Ewallet,749.3,37.47,4.4
INV-00876,2025-05-01,B,Mandalay,Member,Male,Sports and travel,182.56,10,91.28,1916.88,Credit card,1825.6,91.28,7.0
INV-00877,2025-06-04,B,Mandalay,Member,Male,Sports and travel,137.54,3,20.63,433.25,Credit card,412.62,20.63,5.0
INV-00878,2025-06-23,B,Mandalay,Normal,Male,Sports and travel,35.06,6,10.52,220.88,Credit card,210.36,10.52,4.7
INV-00879,2025-03-07,A,Yangon,Normal,Female,Sports and travel,175.62,5,43.91,922.01,Credit card,878.1,43.91,9.4
INV-00880,2025-11-10,B,Mandalay,Member,Female,Home and lifestyle,108.22,7,37.88,795.42,Ewallet,757.54,37.88,10.0
INV-00881,2025-10-12,A,Yangon,Member,Male,Fashion accessories,130.96,8,52.38,1100.06,Cash,1047.68,52.38,4.3
INV-00882,2025-01-19,A,Yangon,Normal,Male,Sports and travel,59.44,8,23.78,499.3,Credit card,475.52,23.78,4.2
INV-00883,2025-12-30,B,Mandalay,Member,Male,Food and beverages,102.19,8,40.88,858.4,Cash,817.52,40.88,6.1
INV-00884,2025-05-26,A,Yangon,Normal,Male,Electronic accessories,168.64,9,75.89,1593.65,Ewallet,1517.76,75.89,10.0
INV-00885,2025-09-27,A,Yangon,Member,Female,Food and beverages,44.31,2,4.43,93.05,Ewallet,88.62,4.43,4.6
INV-00886,2025-01-14,B,Mandalay,Normal,Female,Home and lifestyle,139.45,2,13.95,292.85,Ewallet,278.9,13.95,9.6
INV-00887,2025-06-15,A,Yangon,Normal,Female,Electronic accessories,15.49,8,6.2,130.12,Ewallet,123.92,6.2,9.7
INV-00888,2025-12-03,C,Naypyitaw,Normal,Female,Health and beauty,72.59,1,3.63,76.22,Ewallet,72.59,3.63,10.0
INV-00889,2025-03-08,C,Naypyitaw,Normal,Male,Electronic accessories,174.02,5,43.51,913.61,Ewallet,870.1,43.51,4.4
INV-00890,2025-07-15,C,Naypyitaw,Member,Female,Health and beauty,85.78,3,12.87,270.21,Cash,257.34,12.87,4.1
INV-00891,2025-03-25,A,Yangon,Member,Male,Sports and travel,158.1,5,39.53,830.03,Credit card,790.5,39.53,6.9
INV-00892,2025-06-08,B,Mandalay,Member,Female,Fashion accessories,124.67,6,37.4,785.42,Ewallet,748.02,37.4,5.2
INV-00893,2025-07-18,B,Mandalay,Normal,Male,Sports and travel,61.01,10,30.51,640.61,Credit card,610.1,30.51,8.9
INV-00894,2025-04-06,C,Naypyitaw,Member,Female,Sports and travel,129.83,2,12.98,272.64,Credit card,259.66,12.98,8.1
INV-00895,2025-12-18,C,Naypyitaw,Member,Female,Fashion accessories,39.46,8,15.78,331.46,Credit card,315.68,15.78,6.6
INV-00896,2025-06-03,B,Mandalay,Member,Female,Electronic accessories,197.0,5,49.25,1034.25,Credit card,985.0,49.25,7.4
INV-00897,2025-02-09,C,Naypyitaw,Normal,Female,Health and beauty,107.55,9,48.4,1016.35,Cash,967.95,48.4,6.8
INV-00898,2025-10-19,C,Naypyitaw,Member,Male,Home and lifestyle,77.54,10,38.77,814.17,Cash,775.4,38.77,8.4
INV-00899,2025-04-02,B,Mandalay,Member,Female,Electronic accessories,170.15,1,8.51,178.66,Ewallet,170.15,8.51,5.8
INV-00900,2025-08-21,C,Naypyitaw,Normal,Male,Fashion accessories,95.49,5,23.87,501.32,Cash,477.45,23.87,5.1
INV-00901,2025-11-06,C,Naypyitaw,Normal,Male,Home and lifestyle,175.61,2,17.56,368.78,Cash,351.22,17.56,6.4
INV-00902,2025-03-29,A,Yangon,Normal,Female,Fashion accessories,100.65,7,35.23,739.78,Ewallet,704.55,35.23,8.9
INV-00903,2025-07-04,C,Naypyitaw,Normal,Male,Fashion accessories,138.02,7,48.31,1014.45,Cash,966.14,48.31,4.8
INV-00904,2025-02-27,A,Yangon,Member,Male,Health and beauty,142.25,4,28.45,597.45,Credit card,569.0,28.45,7.9
INV-00905,2025-05-04,C,Naypyitaw,Member,Male,Sports and travel,170.0,9,76.5,1606.5,Credit card,1530.0,76.5,8.6
INV-00906,2025-08-31,A,Yangon,Member,Female,Sports and travel,14.15,3,2.12,44.57,Credit card,42.45,2.12,6.8
INV-00907,2025-10-27,B,Mandalay,Normal,Male,Electronic accessories,48.25,10,24.12,506.62,Credit card,482.5,24.12,4.0
INV-00908,2025-08-10,C,Naypyitaw,Normal,Male,Sports and travel,171.24,10,85.62,1798.02,Credit card,1712.4,85.62,6.4
INV-00909,2025-10-30,C,Naypyitaw,Member,Male,Fashion accessories,126.18,8,50.47,1059.91,Ewallet,1009.44,50.47,4.1
INV-00910,2025-06-11,C,Naypyitaw,Normal,Male,Food and beverages,22.07,7,7.72,162.21,Credit card,154.49,7.72,7.7
INV-00911,2025-06-27,C,Naypyitaw,Member,Female,Sports and travel,142.53,1,7.13,149.66,Ewallet,142.53,7.13,5.2
INV-00912,2025-08-13,B,Mandalay,Normal,Female,Electronic accessories,106.45,10,53.23,1117.73,Cash,1064.5,53.23,9.3
INV-00913,2025-12-31,C,Naypyitaw,Normal,Male,Sports and travel,192.36,6,57.71,1211.87,Ewallet,1154.16,57.71,5.2
INV-00914,2025-02-14,C,Naypyitaw,Member,Male,Fashion accessories,101.75,3,15.26,320.51,Ewallet,305.25,15.26,7.0
INV-00915,2025-09-10,B,Mandalay,Member,Male,Home and lifestyle,54.6,9,24.57,515.97,Credit card,491.4,24.57,9.3
INV-00916,2025-12-13,B,Mandalay,Member,Male,Electronic accessories,43.2,9,19.44,408.24,Credit card,388.8,19.44,6.6
INV-00917,2025-04-27,C,Naypyitaw,Normal,Female,Health and beauty,116.78,8,46.71,980.95,Credit card,934.24,46.71,8.6
INV-00918,2025-05-17,C,Naypyitaw,Member,Male,Electronic accessories,172.15,9,77.47,1626.82,Credit card,1549.35,77.47,8.8
INV-00919,2025-02-24,A,Yangon,Member,Male,Food and beverages,125.83,2,12.58,264.24,Cash,251.66,12.58,7.8
INV-00920,2025-07-05,A,Yangon,Normal,Male,Electronic accessories,148.39,8,59.36,1246.48,Cash,1187.12,59.36,7.9
INV-00921,2025-03-12,B,Mandalay,Normal,Male,Health and beauty,171.23,8,68.49,1438.33,Cash,1369.84,68.49,9.0
INV-00922,2025-06-24,B,Mandalay,Normal,Female,Home and lifestyle,105.95,2,10.6,222.5,Ewallet,211.9,10.6,8.5
INV-00923,2025-11-19,B,Mandalay,Normal,Male,Fashion accessories,56.64,9,25.49,535.25,Cash,509.76,25.49,8.8
INV-00924,2025-07-29,B,Mandalay,Normal,Male,Sports and travel,190.85,9,85.88,1803.53,Credit card,1717.65,85.88,4.9
INV-00925,2025-09-22,A,Yangon,Normal,Male,Health and beauty,26.11,6,7.83,164.49,Credit card,156.66,7.83,4.4
INV-00926,2025-12-05,A,Yangon,Member,Female,Fashion accessories,38.68,10,19.34,406.14,Credit card,386.8,19.34,6.4
INV-00927,2025-12-25,C,Naypyitaw,Normal,Male,Food and beverages,175.97,6,52.79,1108.61,Credit card,1055.82,52.79,9.4
INV-00928,2025-03-17,C,Naypyitaw,Normal,Female,Fashion accessories,86.75,4,17.35,364.35,Ewallet,347.0,17.35,6.4
INV-00929,2025-06-04,A,Yangon,Normal,Male,Health and beauty,17.02,6,5.11,107.23,Ewallet,102.12,5.11,10.0
INV-00930,2025-04-20,B,Mandalay,Normal,Male,Health and beauty,107.22,5,26.81,562.91,Cash,536.1,26.81,4.2
INV-00931,2025-10-31,C,Naypyitaw,Normal,Male,Home and lifestyle,55.85,5,13.96,293.21,Ewallet,279.25,13.96,4.4
INV-00932,2025-05-13,B,Mandalay,Member,Male,Fashion accessories,106.42,2,10.64,223.48,Credit card,212.84,10.64,5.8
INV-00933,2025-01-03,C,Naypyitaw,Member,Female,Sports and travel,74.41,4,14.88,312.52,Credit card,297.64,14.88,5.7
INV-00934,2025-10-21,C,Naypyitaw,Member,Male,Fashion accessories,36.59,7,12.81,268.94,Credit card,256.13,12.81,7.1
INV-00935,2025-07-04,A,Yangon,Normal,Male,Sports and travel,28.62,7,10.02,210.36,Cash,200.34,10.02,4.4
INV-00936,2025-09-01,A,Yangon,Normal,Female,Electronic accessories,94.77,6,28.43,597.05,Credit card,568.62,28.43,7.5
INV-00937,2025-08-05,C,Naypyitaw,Normal,Male,Sports and travel,140.91,8,56.36,1183.64,Cash,1127.28,56.36,7.0
INV-00938,2025-12-31,B,Mandalay,Member,Male,Sports and travel,34.58,9,15.56,326.78,Credit card,311.22,15.56,6.8
INV-00939,2025-03-22,C,Naypyitaw,Normal,Male,Food and beverages,80.17,2,8.02,168.36,Cash,160.34,8.02,6.2
INV-00940,2025-01-21,B,Mandalay,Normal,Female,Food and beverages,39.13,6,11.74,246.52,Credit card,234.78,11.74,5.8
INV-00941,2025-03-15,A,Yangon,Member,Female,Electronic accessories,158.92,7,55.62,1168.06,Credit card,1112.44,55.62,5.3
INV-00942,2025-09-08,C,Naypyitaw,Member,Male,Health and beauty,33.24,6,9.97,209.41,Credit card,199.44,9.97,6.9
INV-00943,2025-10-17,B,Mandalay,Normal,Male,Sports and travel,181.05,7,63.37,1330.72,Cash,1267.35,63.37,7.0
INV-00944,2025-08-19,B,Mandalay,Member,Female,Fashion accessories,95.32,6,28.6,600.52,Credit card,571.92,28.6,5.4
INV-00945,2025-06-23,B,Mandalay,Normal,Male,Food and beverages,18.71,8,7.48,157.16,Cash,149.68,7.48,8.2
INV-00946,2025-11-19,C,Naypyitaw,Member,Male,Fashion accessories,68.68,2,6.87,144.23,Ewallet,137.36,6.87,7.3
INV-00947,2025-10-19,A,Yangon,Member,Male,Food and beverages,45.99,8,18.4,386.32,Ewallet,367.92,18.4,9.6
INV-00948,2025-01-10,A,Yangon,Normal,Male,Home and lifestyle,159.48,4,31.9,669.82,Ewallet,637.92,31.9,7.6
INV-00949,2025-10-29,B,Mandalay,Normal,Female,Health and beauty,103.38,1,5.17,108.55,Cash,103.38,5.17,6.5
INV-00950,2025-06-12,C,Naypyitaw,Member,Male,Sports and travel,58.86,2,5.89,123.61,Credit card,117.72,5.89,4.9
INV-00951,2025-02-15,B,Mandalay,Member,Male,Electronic accessories,68.29,7,23.9,501.93,Ewallet,478.03,23.9,9.8
INV-00952,2025-01-14,A,Yangon,Member,Female,Fashion accessories,21.12,7,7.39,155.23,Cash,147.84,7.39,6.5
INV-00953,2025-05-13,B,Mandalay,Member,Male,Sports and travel,188.9,2,18.89,396.69,Cash,377.8,18.89,8.5
INV-00954,2025-05-02,C,Naypyitaw,Normal,Male,Sports and travel,106.64,9,47.99,1007.75,Credit card,959.76,47.99,4.4
INV-00955,2025-10-11,B,Mandalay,Normal,Male,Sports and travel,22.44,1,1.12,23.56,Cash,22.44,1.12,5.6
INV-00956,2025-12-12,C,Naypyitaw,Member,Female,Health and beauty,56.8,9,25.56,536.76,Ewallet,511.2,25.56,6.4
INV-00957,2025-11-22,A,Yangon,Normal,Male,Food and beverages,48.66,3,7.3,153.28,Cash,145.98,7.3,7.2
INV-00958,2025-10-12,B,Mandalay,Normal,Male,Sports and travel,17.94,8,7.18,150.7,Cash,143.52,7.18,4.4
INV-00959,2025-05-20,B,Mandalay,Normal,Male,Food and beverages,57.67,7,20.18,423.87,Ewallet,403.69,20.18,9.0
INV-00960,2025-01-24,B,Mandalay,Member,Female,Electronic accessories,150.44,10,75.22,1579.62,Cash,1504.4,75.22,6.4
INV-00961,2025-03-13,A,Yangon,Normal,Male,Fashion accessories,115.73,5,28.93,607.58,Ewallet,578.65,28.93,7.0
INV-00962,2025-12-16,B,Mandalay,Normal,Male,Home and lifestyle,130.68,8,52.27,1097.71,Ewallet,1045.44,52.27,9.9
INV-00963,2025-04-18,B,Mandalay,Member,Male,Sports and travel,192.21,6,57.66,1210.92,Ewallet,1153.26,57.66,9.5
INV-00964,2025-09-01,C,Naypyitaw,Normal,Female,Health and beauty,181.27,3,27.19,571.0,Credit card,543.81,27.19,7.2
INV-00965,2025-11-30,C,Naypyitaw,Member,Female,Health and beauty,112.34,8,44.94,943.66,Credit card,898.72,44.94,9.0
INV-00966,2025-07-18,B,Mandalay,Member,Female,Electronic accessories,169.44,1,8.47,177.91,Credit card,169.44,8.47,9.6
INV-00967,2025-01-05,B,Mandalay,Normal,Male,Electronic accessories,151.2,5,37.8,793.8,Cash,756.0,37.8,8.9
INV-00968,2025-06-05,C,Naypyitaw,Normal,Male,Fashion accessories,52.02,8,20.81,436.97,Credit card,416.16,20.81,7.0
INV-00969,2025-12-28,C,Naypyitaw,Normal,Male,Food and beverages,49.73,4,9.95,208.87,Credit card,198.92,9.95,7.4
INV-00970,2025-03-29,B,Mandalay,Member,Male,Food and beverages,46.82,10,23.41,491.61,Ewallet,468.2,23.41,4.8
INV-00971,2025-03-07,A,Yangon,Normal,Male,Home and lifestyle,187.38,4,37.48,787.0,Ewallet,749.52,37.48,4.1
INV-00972,2025-12-14,C,Naypyitaw,Normal,Male,Food and beverages,126.75,9,57.04,1197.79,Credit card,1140.75,57.04,7.8
INV-00973,2025-01-27,C,Naypyitaw,Normal,Male,Home and lifestyle,92.18,7,32.26,677.52,Ewallet,645.26,32.26,7.1
INV-00974,2025-07-05,B,Mandalay,Member,Female,Food and beverages,154.21,4,30.84,647.68,Credit card,616.84,30.84,7.2
INV-00975,2025-01-03,B,Mandalay,Member,Male,Sports and travel,46.98,2,4.7,98.66,Ewallet,93.96,4.7,6.5
INV-00976,2025-05-08,A,Yangon,Member,Male,Electronic accessories,41.25,5,10.31,216.56,Cash,206.25,10.31,6.9
INV-00977,2025-10-31,A,Yangon,Member,Male,Fashion accessories,187.66,5,46.91,985.21,Credit card,938.3,46.91,5.4
INV-00978,2025-01-28,B,Mandalay,Member,Female,Home and lifestyle,108.74,4,21.75,456.71,Cash,434.96,21.75,7.8
INV-00979,2025-03-05,C,Naypyitaw,Normal,Female,Health and beauty,195.16,1,9.76,204.92,Ewallet,195.16,9.76,4.4
INV-00980,2025-02-01,A,Yangon,Normal,Male,Sports and travel,20.41,10,10.21,214.31,Cash,204.1,10.21,8.1
INV-00981,2025-01-27,C,Naypyitaw,Member,Female,Home and lifestyle,171.49,7,60.02,1260.45,Cash,1200.43,60.02,9.2
INV-00982,2025-11-16,C,Naypyitaw,Normal,Male,Health and beauty,96.15,8,38.46,807.66,Credit card,769.2,38.46,7.9
INV-00983,2025-01-14,C,Naypyitaw,Member,Male,Sports and travel,108.27,10,54.14,1136.84,Cash,1082.7,54.14,4.1
INV-00984,2025-02-04,C,Naypyitaw,Member,Female,Food and beverages,159.99,4,32.0,671.96,Credit card,639.96,32.0,6.5
INV-00985,2025-11-14,C,Naypyitaw,Member,Male,Sports and travel,45.33,3,6.8,142.79,Cash,135.99,6.8,5.9
INV-00986,2025-09-20,B,Mandalay,Member,Male,Fashion accessories,153.33,5,38.33,804.98,Credit card,766.65,38.33,5.9
INV-00987,2025-05-30,B,Mandalay,Member,Male,Home and lifestyle,194.35,9,87.46,1836.61,Cash,1749.15,87.46,7.0
INV-00988,2025-01-28,C,Naypyitaw,Member,Male,Sports and travel,75.33,4,15.07,316.39,Credit card,301.32,15.07,5.1
INV-00989,2025-12-22,B,Mandalay,Normal,Female,Fashion accessories,196.57,10,98.28,2063.98,Ewallet,1965.7,98.28,5.8
INV-00990,2025-03-25,B,Mandalay,Normal,Male,Health and beauty,96.32,1,4.82,101.14,Cash,96.32,4.82,7.8
INV-00991,2025-04-28,C,Naypyitaw,Normal,Female,Sports and travel,128.54,4,25.71,539.87,Ewallet,514.16,25.71,6.3
INV-00992,2025-04-05,B,Mandalay,Normal,Male,Health and beauty,78.94,2,7.89,165.77,Ewallet,157.88,7.89,4.7
INV-00993,2025-08-14,B,Mandalay,Member,Male,Electronic accessories,129.95,6,38.98,818.68,Cash,779.7,38.98,5.2
INV-00994,2025-04-23,A,Yangon,Member,Male,Home and lifestyle,146.58,6,43.97,923.45,Cash,879.48,43.97,4.1
INV-00995,2025-02-21,B,Mandalay,Normal,Male,Health and beauty,167.97,3,25.2,529.11,Credit card,503.91,25.2,9.6
INV-00996,2025-08-22,B,Mandalay,Member,Female,Electronic accessories,80.23,6,24.07,505.45,Ewallet,481.38,24.07,4.4
INV-00997,2025-03-08,A,Yangon,Normal,Female,Electronic accessories,46.42,7,16.25,341.19,Ewallet,324.94,16.25,6.6
INV-00998,2025-05-06,C,Naypyitaw,Member,Female,Health and beauty,154.99,10,77.5,1627.4,Cash,1549.9,77.5,6.0
INV-00999,2025-11-19,A,Yangon,Normal,Male,Home and lifestyle,175.84,9,79.13,1661.69,Ewallet,1582.56,79.13,4.5
INV-01000,2025-12-06,B,Mandalay,Normal,Female,Food and beverages,22.33,9,10.05,211.02,Credit card,200.97,10.05,7.1
INV-01001,2025-06-14,A,Yangon,Normal,Female,Fashion accessories,81.04,8,32.42,680.74,Credit card,648.32,32.42,7.5
INV-01002,2025-10-26,C,Naypyitaw,Member,Female,Fashion accessories,16.95,4,3.39,71.19,Cash,67.8,3.39,6.4
INV-01003,2025-08-06,B,Mandalay,Normal,Male,Sports and travel,118.56,6,35.57,746.93,Cash,711.36,35.57,8.5
INV-01004,2025-08-16,B,Mandalay,Member,Female,Food and beverages,76.8,10,38.4,806.4,Ewallet,768.0,38.4,7.7
INV-01005,2025-08-19,B,Mandalay,Normal,Female,Sports and travel,92.18,6,27.65,580.73,Credit card,553.08,27.65,6.3
INV-01006,2025-08-15,A,Yangon,Normal,Male,Electronic accessories,60.47,2,6.05,126.99,Credit card,120.94,6.05,9.1
INV-01007,2025-10-07,C,Naypyitaw,Member,Male,Fashion accessories,24.85,5,6.21,130.46,Cash,124.25,6.21,4.4
INV-01008,2025-10-07,A,Yangon,Normal,Female,Electronic accessories,73.41,6,22.02,462.48,Ewallet,440.46,22.02,8.9
INV-01009,2025-05-21,C,Naypyitaw,Normal,Male,Electronic accessories,144.07,3,21.61,453.82,Credit card,432.21,21.61,5.7
INV-01010,2025-07-26,B,Mandalay,Normal,Male,Sports and travel,166.15,1,8.31,174.46,Credit card,166.15,8.31,5.4
INV-01011,2025-04-18,C,Naypyitaw,Normal,Female,Sports and travel,54.41,10,27.2,571.3,Credit card,544.1,27.2,8.8
INV-01012,2025-04-07,B,Mandalay,Member,Female,Sports and travel,156.32,7,54.71,1148.95,Credit card,1094.24,54.71,9.1
INV-01013,2025-07-11,A,Yangon,Normal,Male,Electronic accessories,119.73,3,17.96,377.15,Credit card,359.19,17.96,8.9
INV-01014,2025-06-23,B,Mandalay,Normal,Female,Electronic accessories,89.64,7,31.37,658.85,Ewallet,627.48,31.37,4.1
INV-01015,2025-03-13,A,Yangon,Normal,Female,Electronic accessories,195.68,6,58.7,1232.78,Cash,1174.08,58.7,9.7
INV-01016,2025-10-01,A,Yangon,Normal,Female,Sports and travel,45.78,2,4.58,96.14,Ewallet,91.56,4.58,9.4
INV-01017,2025-03-29,A,Yangon,Member,Female,Health and beauty,138.23,3,20.73,435.42,Cash,414.69,20.73,5.1
INV-01018,2025-07-17,A,Yangon,Member,Female,Home and lifestyle,49.12,5,12.28,257.88,Cash,245.6,12.28,6.2
INV-01019,2025-03-29,A,Yangon,Normal,Male,Home and lifestyle,173.34,7,60.67,1274.05,Cash,1213.38,60.67,4.8
INV-01020,2025-09-02,B,Mandalay,Member,Male,Fashion accessories,23.06,4,4.61,96.85,Credit card,92.24,4.61,6.6
INV-01021,2025-12-07,C,Naypyitaw,Normal,Male,Sports and travel,40.17,10,20.09,421.79,Ewallet,401.7,20.09,8.3
INV-01022,2025-05-22,B,Mandalay,Normal,Male,Electronic accessories,11.41,3,1.71,35.94,Credit card,34.23,1.71,7.6
INV-01023,2025-09-27,A,Yangon,Normal,Female,Home and lifestyle,182.96,8,73.18,1536.86,Ewallet,1463.68,73.18,4.2
INV-01024,2025-05-28,A,Yangon,Normal,Female,Fashion accessories,177.39,8,70.96,1490.08,Credit card,1419.12,70.96,7.7
INV-01025,2025-08-01,A,Yangon,Normal,Female,Electronic accessories,44.12,10,22.06,463.26,Credit card,441.2,22.06,9.5
INV-01026,2025-12-24,A,Yangon,Member,Male,Food and beverages,28.15,1,1.41,29.56,Credit card,28.15,1.41,9.3
INV-01027,2025-05-30,C,Naypyitaw,Normal,Female,Fashion accessories,184.1,4,36.82,773.22,Ewallet,736.4,36.82,4.7
INV-01028,2025-02-09,B,Mandalay,Normal,Female,Health and beauty,105.84,6,31.75,666.79,Cash,635.04,31.75,5.5
INV-01029,2025-01-23,C,Naypyitaw,Normal,Female,Sports and travel,15.08,8,6.03,126.67,Ewallet,120.64,6.03,6.4
INV-01030,2025-07-23,A,Yangon,Member,Female,Health and beauty,12.04,2,1.2,25.28,Ewallet,24.08,1.2,8.5
INV-01031,2025-08-25,B,Mandalay,Normal,Male,Health and beauty,25.68,4,5.14,107.86,Credit card,102.72,5.14,8.9
INV-01032,2025-03-29,A,Yangon,Normal,Male,Health and beauty,125.33,3,18.8,394.79,Ewallet,375.99,18.8,8.4
INV-01033,2025-02-09,A,Yangon,Member,Female,Fashion accessories,155.08,5,38.77,814.17,Credit card,775.4,38.77,5.1
INV-01034,2025-01-18,C,Naypyitaw,Member,Male,Fashion accessories,111.14,8,44.46,933.58,Credit card,889.12,44.46,8.1
INV-01035,2025-01-27,B,Mandalay,Member,Male,Food and beverages,10.89,7,3.81,80.04,Credit card,76.23,3.81,9.5
INV-01036,2025-02-16,A,Yangon,Normal,Male,Health and beauty,90.12,1,4.51,94.63,Ewallet,90.12,4.51,8.0
INV-01037,2025-02-19,A,Yangon,Member,Female,Fashion accessories,41.9,3,6.29,131.99,Ewallet,125.7,6.29,4.6
INV-01038,2025-06-15,B,Mandalay,Member,Female,Food and beverages,129.09,10,64.55,1355.45,Credit card,1290.9,64.55,4.7
INV-01039,2025-02-24,A,Yangon,Normal,Female,Home and lifestyle,71.44,1,3.57,75.01,Cash,71.44,3.57,6.3
INV-01040,2025-04-23,B,Mandalay,Normal,Male,Health and beauty,135.01,5,33.75,708.8,Cash,675.05,33.75,9.3
INV-01041,2025-06-04,B,Mandalay,Member,Female,Food and beverages,104.92,2,10.49,220.33,Cash,209.84,10.49,7.6
INV-01042,2025-12-23,C,Naypyitaw,Normal,Male,Sports and travel,138.8,3,20.82,437.22,Ewallet,416.4,20.82,8.6
INV-01043,2025-06-12,C,Naypyitaw,Member,Female,Fashion accessories,101.6,6,30.48,640.08,Credit card,609.6,30.48,7.1
INV-01044,2025-04-30,C,Naypyitaw,Member,Male,Food and beverages,121.62,1,6.08,127.7,Ewallet,121.62,6.08,8.6
INV-01045,2025-06-08,A,Yangon,Member,Male,Electronic accessories,150.2,4,30.04,630.84,Cash,600.8,30.04,6.2
INV-01046,2025-04-14,B,Mandalay,Member,Female,Electronic accessories,81.39,1,4.07,85.46,Ewallet,81.39,4.07,9.3
INV-01047,2025-05-23,A,Yangon,Normal,Female,Home and lifestyle,132.28,1,6.61,138.89,Cash,132.28,6.61,5.4
INV-01048,2025-06-19,C,Naypyitaw,Member,Male,Home and lifestyle,56.03,9,25.21,529.48,Ewallet,504.27,25.21,8.2
INV-01049,2025-11-08,A,Yangon,Normal,Male,Sports and travel,109.08,3,16.36,343.6,Cash,327.24,16.36,9.2
INV-01050,2025-04-09,A,Yangon,Member,Male,Health and beauty,130.53,3,19.58,411.17,Cash,391.59,19.58,5.0
INV-01051,2025-04-15,C,Naypyitaw,Normal,Female,Electronic accessories,106.41,7,37.24,782.11,Cash,744.87,37.24,8.3
INV-01052,2025-08-06,A,Yangon,Normal,Female,Electronic accessories,125.11,5,31.28,656.83,Ewallet,625.55,31.28,5.2
INV-01053,2025-02-10,B,Mandalay,Normal,Female,Home and lifestyle,85.67,3,12.85,269.86,Credit card,257.01,12.85,7.0
INV-01054,2025-08-10,C,Naypyitaw,Member,Female,Electronic accessories,165.72,8,66.29,1392.05,Credit card,1325.76,66.29,9.1
INV-01055,2025-11-01,B,Mandalay,Normal,Female,Food and beverages,39.03,3,5.85,122.94,Credit card,117.09,5.85,5.8
INV-01056,2025-07-12,B,Mandalay,Normal,Male,Food and beverages,125.14,2,12.51,262.79,Ewallet,250.28,12.51,6.8
INV-01057,2025-04-08,A,Yangon,Normal,Female,Health and beauty,12.44,9,5.6,117.56,Credit card,111.96,5.6,9.6
INV-01058,2025-07-11,B,Mandalay,Member,Female,Sports and travel,103.01,10,51.51,1081.61,Cash,1030.1,51.51,10.0
INV-01059,2025-07-17,A,Yangon,Normal,Female,Food and beverages,40.85,7,14.3,300.25,Ewallet,285.95,14.3,8.3
INV-01060,2025-12-19,C,Naypyitaw,Normal,Male,Home and lifestyle,142.33,7,49.82,1046.13,Cash,996.31,49.82,6.9
INV-01061,2025-11-20,B,Mandalay,Normal,Female,Fashion accessories,138.52,3,20.78,436.34,Ewallet,415.56,20.78,4.9
INV-01062,2025-11-05,A,Yangon,Member,Male,Food and beverages,190.84,3,28.63,601.15,Cash,572.52,28.63,7.9
INV-01063,2025-07-23,B,Mandalay,Member,Female,Fashion accessories,121.37,2,12.14,254.88,Cash,242.74,12.14,9.0
INV-01064,2025-12-21,B,Mandalay,Normal,Female,Home and lifestyle,105.12,9,47.3,993.38,Ewallet,946.08,47.3,6.5
INV-01065,2025-02-15,C,Naypyitaw,Member,Female,Health and beauty,130.87,6,39.26,824.48,Ewallet,785.22,39.26,5.3
INV-01066,2025-07-23,C,Naypyitaw,Normal,Male,Fashion accessories,68.54,3,10.28,215.9,Cash,205.62,10.28,4.4
INV-01067,2025-08-02,C,Naypyitaw,Normal,Male,Food and beverages,89.2,5,22.3,468.3,Cash,446.0,22.3,6.2
INV-01068,2025-03-10,C,Naypyitaw,Member,Female,Electronic accessories,102.43,9,46.09,967.96,Ewallet,921.87,46.09,8.9
INV-01069,2025-04-13,A,Yangon,Normal,Female,Health and beauty,152.48,4,30.5,640.42,Credit card,609.92,30.5,7.8
INV-01070,2025-02-25,C,Naypyitaw,Member,Female,Fashion accessories,41.56,5,10.39,218.19,Cash,207.8,10.39,5.7
INV-01071,2025-01-16,B,Mandalay,Member,Male,Food and beverages,54.61,8,21.84,458.72,Cash,436.88,21.84,5.6
INV-01072,2025-12-07,A,Yangon,Member,Male,Food and beverages,159.95,1,8.0,167.95,Ewallet,159.95,8.0,8.8
INV-01073,2025-11-05,B,Mandalay,Normal,Female,Food and beverages,197.51,5,49.38,1036.93,Credit card,987.55,49.38,7.6
INV-01074,2025-07-09,B,Mandalay,Member,Female,Fashion accessories,179.13,6,53.74,1128.52,Ewallet,1074.78,53.74,6.4
INV-01075,2025-01-30,C,Naypyitaw,Member,Female,Home and lifestyle,175.88,2,17.59,369.35,Ewallet,351.76,17.59,6.4
INV-01076,2025-01-14,A,Yangon,Normal,Male,Food and beverages,33.35,9,15.01,315.16,Credit card,300.15,15.01,6.7
INV-01077,2025-12-04,C,Naypyitaw,Member,Female,Sports and travel,107.83,4,21.57,452.89,Cash,431.32,21.57,7.8
INV-01078,2025-06-16,A,Yangon,Normal,Female,Fashion accessories,94.42,10,47.21,991.41,Ewallet,944.2,47.21,7.7
INV-01079,2025-06-28,A,Yangon,Member,Female,Sports and travel,188.43,8,75.37,1582.81,Credit card,1507.44,75.37,7.6
INV-01080,2025-03-15,C,Naypyitaw,Member,Male,Food and beverages,176.48,9,79.42,1667.74,Credit card,1588.32,79.42,8.8
INV-01081,2025-12-11,B,Mandalay,Member,Female,Food and beverages,197.57,8,79.03,1659.59,Cash,1580.56,79.03,6.9
INV-01082,2025-05-04,C,Naypyitaw,Member,Female,Electronic accessories,50.21,2,5.02,105.44,Ewallet,100.42,5.02,4.2
INV-01083,2025-07-16,B,Mandalay,Normal,Male,Home and lifestyle,51.87,5,12.97,272.32,Ewallet,259.35,12.97,4.8
INV-01084,2025-11-21,C,Naypyitaw,Member,Male,Fashion accessories,103.47,6,31.04,651.86,Ewallet,620.82,31.04,6.1
INV-01085,2025-07-15,C,Naypyitaw,Normal,Male,Fashion accessories,132.0,9,59.4,1247.4,Cash,1188.0,59.4,5.6
INV-01086,2025-02-14,B,Mandalay,Member,Male,Health and beauty,26.94,10,13.47,282.87,Ewallet,269.4,13.47,6.2
INV-01087,2025-07-14,B,Mandalay,Member,Male,Food and beverages,150.01,5,37.5,787.55,Credit card,750.05,37.5,9.9
INV-01088,2025-07-06,B,Mandalay,Member,Male,Fashion accessories,187.45,3,28.12,590.47,Credit card,562.35,28.12,4.1
INV-01089,2025-06-11,B,Mandalay,Member,Female,Electronic accessories,165.07,5,41.27,866.62,Ewallet,825.35,41.27,6.7
INV-01090,2025-05-26,C,Naypyitaw,Normal,Female,Electronic accessories,151.94,1,7.6,159.54,Ewallet,151.94,7.6,9.9
INV-01091,2025-05-21,A,Yangon,Normal,Female,Fashion accessories,119.05,4,23.81,500.01,Ewallet,476.2,23.81,9.8
INV-01092,2025-06-20,A,Yangon,Member,Male,Electronic accessories,167.3,4,33.46,702.66,Cash,669.2,33.46,9.1
INV-01093,2025-07-20,C,Naypyitaw,Member,Female,Home and lifestyle,197.03,3,29.55,620.64,Credit card,591.09,29.55,6.5
INV-01094,2025-06-28,B,Mandalay,Normal,Female,Sports and travel,84.3,9,37.93,796.63,Ewallet,758.7,37.93,9.5
INV-01095,2025-10-08,C,Naypyitaw,Member,Female,Sports and travel,28.49,6,8.55,179.49,Credit card,170.94,8.55,7.9
INV-01096,2025-03-12,C,Naypyitaw,Member,Male,Sports and travel,142.23,5,35.56,746.71,Cash,711.15,35.56,8.8
INV-01097,2025-11-30,A,Yangon,Member,Male,Health and beauty,78.82,10,39.41,827.61,Credit card,788.2,39.41,9.7
INV-01098,2025-12-14,B,Mandalay,Normal,Female,Electronic accessories,185.94,2,18.59,390.47,Cash,371.88,18.59,9.7
INV-01099,2025-09-21,A,Yangon,Member,Female,Fashion accessories,74.31,7,26.01,546.18,Cash,520.17,26.01,4.2
INV-01100,2025-07-23,A,Yangon,Member,Female,Sports and travel,67.51,10,33.76,708.86,Ewallet,675.1,33.76,9.9
INV-01101,2025-12-04,C,Naypyitaw,Normal,Female,Health and beauty,157.77,7,55.22,1159.61,Credit card,1104.39,55.22,4.1
INV-01102,2025-02-12,A,Yangon,Member,Male,Health and beauty,102.95,9,46.33,972.88,Ewallet,926.55,46.33,7.4
INV-01103,2025-09-03,C,Naypyitaw,Member,Female,Home and lifestyle,141.81,2,14.18,297.8,Credit card,283.62,14.18,10.0
INV-01104,2025-08-11,C,Naypyitaw,Normal,Male,Home and lifestyle,118.57,2,11.86,249.0,Ewallet,237.14,11.86,9.5
INV-01105,2025-04-05,C,Naypyitaw,Normal,Female,Sports and travel,164.44,1,8.22,172.66,Cash,164.44,8.22,7.1
INV-01106,2025-10-03,C,Naypyitaw,Member,Male,Fashion accessories,165.58,2,16.56,347.72,Cash,331.16,16.56,9.2
INV-01107,2025-04-03,C,Naypyitaw,Member,Male,Health and beauty,115.4,6,34.62,727.02,Cash,692.4,34.62,7.5
INV-01108,2025-03-24,C,Naypyitaw,Member,Male,Health and beauty,116.87,1,5.84,122.71,Ewallet,116.87,5.84,5.8
INV-01109,2025-03-29,C,Naypyitaw,Member,Female,Sports and travel,195.65,1,9.78,205.43,Cash,195.65,9.78,9.7
INV-01110,2025-05-31,C,Naypyitaw,Normal,Female,Fashion accessories,111.48,3,16.72,351.16,Ewallet,334.44,16.72,9.5
INV-01111,2025-11-07,B,Mandalay,Member,Male,Food and beverages,107.01,2,10.7,224.72,Cash,214.02,10.7,5.1
INV-01112,2025-04-21,B,Mandalay,Normal,Female,Electronic accessories,124.41,4,24.88,522.52,Cash,497.64,24.88,8.4
INV-01113,2025-02-08,B,Mandalay,Member,Female,Food and beverages,58.44,7,20.45,429.53,Credit card,409.08,20.45,4.5
INV-01114,2025-12-13,B,Mandalay,Member,Male,Sports and travel,188.64,3,28.3,594.22,Ewallet,565.92,28.3,8.4
INV-01115,2025-12-23,C,Naypyitaw,Member,Female,Fashion accessories,46.6,6,13.98,293.58,Cash,279.6,13.98,5.9
INV-01116,2025-07-14,B,Mandalay,Member,Female,Health and beauty,193.16,4,38.63,811.27,Cash,772.64,38.63,7.2
INV-01117,2025-10-08,C,Naypyitaw,Normal,Female,Sports and travel,22.53,2,2.25,47.31,Credit card,45.06,2.25,4.9
INV-01118,2025-05-21,A,Yangon,Normal,Male,Health and beauty,28.61,4,5.72,120.16,Cash,114.44,5.72,5.1
INV-01119,2025-06-06,C,Naypyitaw,Member,Female,Food and beverages,166.06,8,66.42,1394.9,Ewallet,1328.48,66.42,7.4
INV-01120,2025-10-10,B,Mandalay,Member,Female,Home and lifestyle,125.42,1,6.27,131.69,Credit card,125.42,6.27,5.1
INV-01121,2025-12-14,C,Naypyitaw,Normal,Male,Food and beverages,114.82,7,40.19,843.93,Credit card,803.74,40.19,4.1
INV-01122,2025-03-21,C,Naypyitaw,Normal,Male,Fashion accessories,34.01,7,11.9,249.97,Ewallet,238.07,11.9,7.8
INV-01123,2025-12-29,B,Mandalay,Normal,Male,Electronic accessories,138.86,7,48.6,1020.62,Credit card,972.02,48.6,9.9
INV-01124,2025-09-15,B,Mandalay,Member,Female,Home and lifestyle,62.41,7,21.84,458.71,Ewallet,436.87,21.84,9.1
INV-01125,2025-07-28,B,Mandalay,Member,Male,Home and lifestyle,170.6,2,17.06,358.26,Cash,341.2,17.06,5.0
INV-01126,2025-02-13,A,Yangon,Member,Female,Fashion accessories,64.31,8,25.72,540.2,Ewallet,514.48,25.72,7.1
INV-01127,2025-03-11,C,Naypyitaw,Member,Female,Sports and travel,104.58,9,47.06,988.28,Cash,941.22,47.06,7.7
INV-01128,2025-01-04,C,Naypyitaw,Normal,Male,Fashion accessories,90.75,9,40.84,857.59,Ewallet,816.75,40.84,8.0
INV-01129,2025-12-17,C,Naypyitaw,Member,Male,Food and beverages,18.05,8,7.22,151.62,Cash,144.4,7.22,4.5
INV-01130,2025-09-21,A,Yangon,Normal,Female,Home and lifestyle,190.97,7,66.84,1403.63,Cash,1336.79,66.84,6.2
INV-01131,2025-06-23,A,Yangon,Member,Female,Fashion accessories,57.46,9,25.86,543.0,Credit card,517.14,25.86,6.9
INV-01132,2025-04-20,B,Mandalay,Normal,Male,Health and beauty,150.22,10,75.11,1577.31,Credit card,1502.2,75.11,9.6
INV-01133,2025-09-21,C,Naypyitaw,Normal,Male,Health and beauty,187.73,10,93.87,1971.17,Credit card,1877.3,93.87,4.0
INV-01134,2025-06-18,B,Mandalay,Normal,Male,Home and lifestyle,77.24,1,3.86,81.1,Credit card,77.24,3.86,6.1
INV-01135,2025-08-09,A,Yangon,Member,Female,Sports and travel,47.53,9,21.39,449.16,Cash,427.77,21.39,9.5
INV-01136,2025-03-21,A,Yangon,Normal,Female,Fashion accessories,57.53,8,23.01,483.25,Credit card,460.24,23.01,6.2
INV-01137,2025-10-02,A,Yangon,Normal,Male,Home and lifestyle,30.65,8,12.26,257.46,Cash,245.2,12.26,6.1
INV-01138,2025-01-03,B,Mandalay,Member,Male,Home and lifestyle,177.88,4,35.58,747.1,Credit card,711.52,35.58,4.2
INV-01139,2025-08-04,B,Mandalay,Member,Male,Fashion accessories,72.93,1,3.65,76.58,Credit card,72.93,3.65,9.8
INV-01140,2025-03-02,B,Mandalay,Member,Female,Sports and travel,102.92,8,41.17,864.53,Credit card,823.36,41.17,7.0
INV-01141,2025-07-19,C,Naypyitaw,Member,Male,Electronic accessories,30.85,2,3.09,64.79,Cash,61.7,3.09,6.1
INV-01142,2025-12-17,A,Yangon,Normal,Male,Electronic accessories,19.89,6,5.97,125.31,Credit card,119.34,5.97,6.9
INV-01143,2025-09-06,B,Mandalay,Member,Male,Health and beauty,154.57,4,30.91,649.19,Cash,618.28,30.91,5.7
INV-01144,2025-05-15,A,Yangon,Member,Female,Fashion accessories,57.0,7,19.95,418.95,Ewallet,399.0,19.95,8.7
INV-01145,2025-12-25,A,Yangon,Member,Male,Fashion accessories,105.44,3,15.82,332.14,Cash,316.32,15.82,4.7
INV-01146,2025-01-20,B,Mandalay,Normal,Male,Home and lifestyle,198.18,3,29.73,624.27,Ewallet,594.54,29.73,5.2
INV-01147,2025-07-14,A,Yangon,Member,Female,Sports and travel,109.74,4,21.95,460.91,Credit card,438.96,21.95,6.9
INV-01148,2025-08-07,C,Naypyitaw,Normal,Female,Fashion accessories,19.81,2,1.98,41.6,Credit card,39.62,1.98,9.7
INV-01149,2025-08-03,C,Naypyitaw,Member,Male,Electronic accessories,70.77,1,3.54,74.31,Cash,70.77,3.54,4.3
INV-01150,2025-06-14,C,Naypyitaw,Member,Female,Electronic accessories,64.21,5,16.05,337.1,Cash,321.05,16.05,5.5
INV-01151,2025-07-06,B,Mandalay,Member,Male,Home and lifestyle,67.83,2,6.78,142.44,Credit card,135.66,6.78,6.2
INV-01152,2025-10-29,B,Mandalay,Normal,Male,Food and beverages,124.9,4,24.98,524.58,Ewallet,499.6,24.98,6.3
INV-01153,2025-03-08,A,Yangon,Member,Male,Fashion accessories,151.09,2,15.11,317.29,Cash,302.18,15.11,8.2
INV-01154,2025-02-08,A,Yangon,Normal,Male,Food and beverages,127.61,5,31.9,669.95,Ewallet,638.05,31.9,8.3
INV-01155,2025-03-07,A,Yangon,Normal,Female,Electronic accessories,89.46,5,22.36,469.66,Credit card,447.3,22.36,7.8
INV-01156,2025-08-12,A,Yangon,Member,Male,Health and beauty,101.74,9,45.78,961.44,Ewallet,915.66,45.78,5.6
INV-01157,2025-05-29,A,Yangon,Member,Female,Health and beauty,191.6,1,9.58,201.18,Credit card,191.6,9.58,8.1
INV-01158,2025-02-08,C,Naypyitaw,Normal,Female,Electronic accessories,93.17,9,41.93,880.46,Credit card,838.53,41.93,7.6
INV-01159,2025-04-05,A,Yangon,Member,Female,Health and beauty,40.4,4,8.08,169.68,Ewallet,161.6,8.08,8.2
INV-01160,2025-05-13,C,Naypyitaw,Normal,Male,Home and lifestyle,171.97,5,42.99,902.84,Cash,859.85,42.99,5.3
INV-01161,2025-05-02,C,Naypyitaw,Normal,Male,Home and lifestyle,17.43,3,2.61,54.9,Credit card,52.29,2.61,9.2
INV-01162,2025-11-25,A,Yangon,Member,Male,Electronic accessories,198.01,4,39.6,831.64,Ewallet,792.04,39.6,6.1
INV-01163,2025-07-08,C,Naypyitaw,Normal,Male,Home and lifestyle,25.82,9,11.62,244.0,Credit card,232.38,11.62,9.4
INV-01164,2025-06-16,B,Mandalay,Normal,Male,Health and beauty,128.93,1,6.45,135.38,Ewallet,128.93,6.45,9.8
INV-01165,2025-05-12,A,Yangon,Member,Female,Health and beauty,112.1,10,56.05,1177.05,Ewallet,1121.0,56.05,5.5
INV-01166,2025-11-21,C,Naypyitaw,Member,Female,Food and beverages,114.67,8,45.87,963.23,Credit card,917.36,45.87,5.2
INV-01167,2025-07-22,C,Naypyitaw,Normal,Male,Electronic accessories,94.75,7,33.16,696.41,Credit card,663.25,33.16,4.6
INV-01168,2025-08-24,A,Yangon,Member,Female,Electronic accessories,164.96,3,24.74,519.62,Ewallet,494.88,24.74,5.1
INV-01169,2025-01-11,B,Mandalay,Normal,Male,Home and lifestyle,40.95,3,6.14,128.99,Cash,122.85,6.14,4.9
INV-01170,2025-05-06,B,Mandalay,Member,Male,Sports and travel,182.73,7,63.96,1343.07,Ewallet,1279.11,63.96,8.5
INV-01171,2025-11-05,A,Yangon,Member,Male,Health and beauty,81.8,1,4.09,85.89,Ewallet,81.8,4.09,9.6
INV-01172,2025-05-08,A,Yangon,Member,Male,Health and beauty,60.85,10,30.43,638.93,Cash,608.5,30.43,7.3
INV-01173,2025-12-29,B,Mandalay,Normal,Male,Health and beauty,48.44,8,19.38,406.9,Credit card,387.52,19.38,6.0
INV-01174,2025-05-05,A,Yangon,Member,Male,Health and beauty,113.27,5,28.32,594.67,Cash,566.35,28.32,4.6
INV-01175,2025-02-22,B,Mandalay,Member,Male,Food and beverages,178.43,7,62.45,1311.46,Cash,1249.01,62.45,4.1
INV-01176,2025-07-17,B,Mandalay,Member,Female,Electronic accessories,77.13,5,19.28,404.93,Ewallet,385.65,19.28,9.3
INV-01177,2025-09-09,A,Yangon,Member,Female,Electronic accessories,198.25,4,39.65,832.65,Credit card,793.0,39.65,4.5
INV-01178,2025-03-02,B,Mandalay,Member,Male,Home and lifestyle,185.43,2,18.54,389.4,Cash,370.86,18.54,6.6
INV-01179,2025-11-04,B,Mandalay,Normal,Female,Electronic accessories,139.09,3,20.86,438.13,Credit card,417.27,20.86,9.3
INV-01180,2025-09-13,B,Mandalay,Member,Male,Fashion accessories,80.13,5,20.03,420.68,Cash,400.65,20.03,8.7
INV-01181,2025-06-13,A,Yangon,Member,Male,Electronic accessories,84.21,8,33.68,707.36,Ewallet,673.68,33.68,6.6
INV-01182,2025-05-23,C,Naypyitaw,Member,Female,Electronic accessories,27.18,3,4.08,85.62,Credit card,81.54,4.08,5.9
INV-01183,2025-09-04,B,Mandalay,Normal,Male,Fashion accessories,194.84,10,97.42,2045.82,Ewallet,1948.4,97.42,9.5
INV-01184,2025-08-03,B,Mandalay,Normal,Male,Food and beverages,104.45,9,47.0,987.05,Credit card,940.05,47.0,4.5
INV-01185,2025-08-04,C,Naypyitaw,Member,Male,Food and beverages,119.8,4,23.96,503.16,Credit card,479.2,23.96,4.0
INV-01186,2025-07-05,A,Yangon,Member,Male,Food and beverages,100.05,3,15.01,315.16,Credit card,300.15,15.01,6.2
INV-01187,2025-05-31,A,Yangon,Normal,Male,Sports and travel,37.39,9,16.83,353.34,Cash,336.51,16.83,9.0
INV-01188,2025-03-12,A,Yangon,Normal,Male,Health and beauty,192.79,3,28.92,607.29,Ewallet,578.37,28.92,9.8
INV-01189,2025-01-28,B,Mandalay,Member,Female,Fashion accessories,30.14,10,15.07,316.47,Ewallet,301.4,15.07,9.2
INV-01190,2025-03-17,A,Yangon,Member,Male,Home and lifestyle,36.84,4,7.37,154.73,Ewallet,147.36,7.37,9.0
INV-01191,2025-03-18,B,Mandalay,Normal,Female,Electronic accessories,99.26,3,14.89,312.67,Credit card,297.78,14.89,8.3
INV-01192,2025-11-27,B,Mandalay,Member,Male,Fashion accessories,12.51,2,1.25,26.27,Ewallet,25.02,1.25,4.2
INV-01193,2025-09-15,A,Yangon,Normal,Female,Electronic accessories,12.06,7,4.22,88.64,Ewallet,84.42,4.22,7.0
INV-01194,2025-04-27,C,Naypyitaw,Member,Female,Sports and travel,186.98,5,46.75,981.65,Cash,934.9,46.75,8.5
INV-01195,2025-11-13,B,Mandalay,Member,Female,Health and beauty,51.59,3,7.74,162.51,Credit card,154.77,7.74,5.9
INV-01196,2025-07-27,C,Naypyitaw,Normal,Male,Sports and travel,41.32,6,12.4,260.32,Credit card,247.92,12.4,4.7
INV-01197,2025-07-05,A,Yangon,Member,Male,Food and beverages,157.97,6,47.39,995.21,Credit card,947.82,47.39,5.0
INV-01198,2025-02-03,A,Yangon,Member,Male,Electronic accessories,123.45,5,30.86,648.11,Ewallet,617.25,30.86,9.6
INV-01199,2025-05-18,A,Yangon,Member,Female,Health and beauty,195.57,10,97.78,2053.48,Cash,1955.7,97.78,4.3
INV-01200,2025-06-08,A,Yangon,Normal,Male,Health and beauty,196.3,5,49.08,1030.58,Credit card,981.5,49.08,8.5
INV-01201,2025-07-02,C,Naypyitaw,Normal,Female,Electronic accessories,143.5,2,14.35,301.35,Ewallet,287.0,14.35,7.0
INV-01202,2025-03-18,C,Naypyitaw,Normal,Male,Health and beauty,121.56,7,42.55,893.47,Credit card,850.92,42.55,5.0
INV-01203,2025-08-26,C,Naypyitaw,Member,Male,Health and beauty,178.19,2,17.82,374.2,Ewallet,356.38,17.82,7.9
INV-01204,2025-03-24,C,Naypyitaw,Normal,Female,Food and beverages,108.1,10,54.05,1135.05,Cash,1081.0,54.05,6.0
INV-01205,2025-11-16,B,Mandalay,Member,Male,Sports and travel,17.6,7,6.16,129.36,Ewallet,123.2,6.16,7.6
INV-01206,2025-10-18,A,Yangon,Member,Male,Fashion accessories,198.94,2,19.89,417.77,Credit card,397.88,19.89,7.3
INV-01207,2025-09-13,A,Yangon,Normal,Male,Health and beauty,96.41,3,14.46,303.69,Cash,289.23,14.46,5.7
INV-01208,2025-06-30,B,Mandalay,Normal,Female,Health and beauty,23.52,8,9.41,197.57,Credit card,188.16,9.41,8.6
INV-01209,2025-11-29,B,Mandalay,Normal,Male,Electronic accessories,188.57,10,94.28,1979.98,Credit card,1885.7,94.28,9.2
INV-01210,2025-07-29,B,Mandalay,Normal,Female,Food and beverages,184.26,3,27.64,580.42,Ewallet,552.78,27.64,9.1
INV-01211,2025-07-11,B,Mandalay,Normal,Female,Health and beauty,139.62,9,62.83,1319.41,Ewallet,1256.58,62.83,4.3
INV-01212,2025-01-30,C,Naypyitaw,Member,Male,Fashion accessories,160.21,9,72.09,1513.98,Cash,1441.89,72.09,5.7
INV-01213,2025-10-19,A,Yangon,Normal,Female,Sports and travel,172.23,4,34.45,723.37,Ewallet,688.92,34.45,4.6
INV-01214,2025-08-28,B,Mandalay,Member,Male,Fashion accessories,111.67,8,44.67,938.03,Cash,893.36,44.67,8.4
INV-01215,2025-08-10,B,Mandalay,Normal,Female,Electronic accessories,86.29,2,8.63,181.21,Ewallet,172.58,8.63,6.9
INV-01216,2025-09-01,C,Naypyitaw,Member,Female,Health and beauty,62.89,1,3.14,66.03,Cash,62.89,3.14,7.8
INV-01217,2025-10-18,B,Mandalay,Member,Female,Health and beauty,197.68,7,69.19,1452.95,Credit card,1383.76,69.19,9.9
INV-01218,2025-01-28,A,Yangon,Normal,Female,Electronic accessories,174.92,7,61.22,1285.66,Ewallet,1224.44,61.22,5.1
INV-01219,2025-02-05,A,Yangon,Normal,Female,Home and lifestyle,86.96,5,21.74,456.54,Ewallet,434.8,21.74,5.3
INV-01220,2025-04-05,B,Mandalay,Normal,Female,Health and beauty,27.56,7,9.65,202.57,Cash,192.92,9.65,5.2
INV-01221,2025-09-04,B,Mandalay,Normal,Female,Sports and travel,111.75,3,16.76,352.01,Ewallet,335.25,16.76,7.4
INV-01222,2025-10-15,A,Yangon,Member,Female,Food and beverages,47.73,10,23.86,501.16,Ewallet,477.3,23.86,9.9
INV-01223,2025-06-12,C,Naypyitaw,Member,Female,Health and beauty,38.6,8,15.44,324.24,Credit card,308.8,15.44,4.7
INV-01224,2025-07-28,C,Naypyitaw,Normal,Male,Home and lifestyle,108.93,1,5.45,114.38,Ewallet,108.93,5.45,6.7
INV-01225,2025-02-19,C,Naypyitaw,Normal,Male,Health and beauty,51.54,4,10.31,216.47,Ewallet,206.16,10.31,6.3
INV-01226,2025-04-18,B,Mandalay,Member,Female,Electronic accessories,194.63,10,97.31,2043.61,Credit card,1946.3,97.31,4.1
INV-01227,2025-09-15,B,Mandalay,Normal,Female,Health and beauty,142.87,8,57.15,1200.11,Credit card,1142.96,57.15,6.1
INV-01228,2025-08-07,C,Naypyitaw,Member,Male,Food and beverages,195.07,6,58.52,1228.94,Credit card,1170.42,58.52,6.6
INV-01229,2025-10-11,A,Yangon,Normal,Female,Food and beverages,40.9,7,14.32,300.62,Ewallet,286.3,14.32,8.1
INV-01230,2025-11-21,B,Mandalay,Member,Male,Home and lifestyle,143.4,2,14.34,301.14,Cash,286.8,14.34,7.9
INV-01231,2025-07-30,C,Naypyitaw,Member,Female,Health and beauty,104.32,10,52.16,1095.36,Ewallet,1043.2,52.16,7.5
INV-01232,2025-12-08,A,Yangon,Member,Female,Home and lifestyle,171.82,4,34.36,721.64,Ewallet,687.28,34.36,6.3
INV-01233,2025-08-29,A,Yangon,Normal,Female,Health and beauty,76.62,8,30.65,643.61,Cash,612.96,30.65,9.6
INV-01234,2025-09-17,A,Yangon,Normal,Female,Home and lifestyle,60.85,5,15.21,319.46,Ewallet,304.25,15.21,5.4
INV-01235,2025-01-17,B,Mandalay,Normal,Female,Health and beauty,14.99,6,4.5,94.44,Cash,89.94,4.5,9.8
INV-01236,2025-05-04,B,Mandalay,Normal,Male,Food and beverages,194.96,4,38.99,818.83,Ewallet,779.84,38.99,6.6
INV-01237,2025-07-19,C,Naypyitaw,Member,Female,Fashion accessories,43.01,6,12.9,270.96,Cash,258.06,12.9,4.6
INV-01238,2025-09-16,A,Yangon,Normal,Male,Health and beauty,129.97,7,45.49,955.28,Credit card,909.79,45.49,5.2
INV-01239,2025-01-14,A,Yangon,Member,Male,Sports and travel,12.19,10,6.09,127.99,Ewallet,121.9,6.09,8.2
INV-01240,2025-10-20,A,Yangon,Normal,Female,Sports and travel,14.81,3,2.22,46.65,Cash,44.43,2.22,5.4
INV-01241,2025-06-02,A,Yangon,Normal,Female,Electronic accessories,111.73,4,22.35,469.27,Ewallet,446.92,22.35,4.3
INV-01242,2025-03-15,A,Yangon,Member,Male,Fashion accessories,14.4,10,7.2,151.2,Credit card,144.0,7.2,9.6
INV-01243,2025-02-24,A,Yangon,Member,Male,Electronic accessories,63.67,3,9.55,200.56,Credit card,191.01,9.55,9.1
INV-01244,2025-07-20,A,Yangon,Normal,Male,Health and beauty,103.3,1,5.17,108.47,Credit card,103.3,5.17,9.8
INV-01245,2025-04-18,A,Yangon,Normal,Male,Fashion accessories,89.78,6,26.93,565.61,Cash,538.68,26.93,5.8
INV-01246,2025-12-04,A,Yangon,Member,Female,Food and beverages,129.93,1,6.5,136.43,Credit card,129.93,6.5,6.9
INV-01247,2025-11-04,C,Naypyitaw,Normal,Male,Food and beverages,10.95,9,4.93,103.48,Cash,98.55,4.93,7.6
INV-01248,2025-01-12,C,Naypyitaw,Member,Female,Food and beverages,107.23,3,16.08,337.77,Cash,321.69,16.08,9.4
INV-01249,2025-06-17,A,Yangon,Normal,Female,Electronic accessories,51.75,3,7.76,163.01,Credit card,155.25,7.76,5.2
INV-01250,2025-06-28,A,Yangon,Normal,Female,Fashion accessories,114.78,5,28.7,602.6,Credit card,573.9,28.7,7.1
INV-01251,2025-04-09,B,Mandalay,Normal,Male,Home and lifestyle,42.86,5,10.72,225.02,Ewallet,214.3,10.72,8.8
INV-01252,2025-06-09,C,Naypyitaw,Normal,Female,Electronic accessories,160.88,8,64.35,1351.39,Credit card,1287.04,64.35,7.6
INV-01253,2025-06-13,B,Mandalay,Normal,Male,Food and beverages,30.44,7,10.65,223.73,Ewallet,213.08,10.65,6.1
INV-01254,2025-02-02,C,Naypyitaw,Normal,Female,Sports and travel,41.78,1,2.09,43.87,Credit card,41.78,2.09,7.6
INV-01255,2025-09-29,C,Naypyitaw,Member,Female,Home and lifestyle,85.68,2,8.57,179.93,Credit card,171.36,8.57,8.7
INV-01256,2025-05-06,B,Mandalay,Normal,Male,Health and beauty,50.88,6,15.26,320.54,Credit card,305.28,15.26,4.7
INV-01257,2025-12-19,B,Mandalay,Normal,Female,Health and beauty,146.19,4,29.24,614.0,Cash,584.76,29.24,7.4
INV-01258,2025-05-26,B,Mandalay,Member,Female,Food and beverages,50.31,4,10.06,211.3,Ewallet,201.24,10.06,7.6
INV-01259,2025-02-08,C,Naypyitaw,Normal,Female,Food and beverages,179.61,7,62.86,1320.13,Credit card,1257.27,62.86,5.2
INV-01260,2025-09-10,A,Yangon,Normal,Male,Sports and travel,18.89,5,4.72,99.17,Cash,94.45,4.72,6.7
INV-01261,2025-06-17,C,Naypyitaw,Member,Female,Food and beverages,82.74,10,41.37,868.77,Cash,827.4,41.37,7.9
INV-01262,2025-01-03,C,Naypyitaw,Member,Male,Sports and travel,64.03,7,22.41,470.62,Credit card,448.21,22.41,7.9
INV-01263,2025-08-29,A,Yangon,Normal,Female,Health and beauty,167.67,7,58.68,1232.37,Credit card,1173.69,58.68,8.5
INV-01264,2025-02-10,B,Mandalay,Member,Female,Food and beverages,157.18,8,62.87,1320.31,Credit card,1257.44,62.87,8.2
INV-01265,2025-09-10,B,Mandalay,Normal,Male,Fashion accessories,193.76,2,19.38,406.9,Cash,387.52,19.38,5.3
INV-01266,2025-03-13,A,Yangon,Member,Male,Health and beauty,198.77,7,69.57,1460.96,Cash,1391.39,69.57,5.1
INV-01267,2025-10-03,B,Mandalay,Normal,Male,Health and beauty,187.48,1,9.37,196.85,Cash,187.48,9.37,4.3
INV-01268,2025-02-08,B,Mandalay,Normal,Female,Home and lifestyle,72.57,10,36.28,761.98,Ewallet,725.7,36.28,5.0
INV-01269,2025-10-26,A,Yangon,Member,Female,Sports and travel,32.78,6,9.83,206.51,Ewallet,196.68,9.83,6.7
INV-01270,2025-09-25,A,Yangon,Normal,Female,Food and beverages,55.7,8,22.28,467.88,Credit card,445.6,22.28,8.6
INV-01271,2025-04-26,B,Mandalay,Member,Female,Health and beauty,60.12,5,15.03,315.63,Ewallet,300.6,15.03,9.0
INV-01272,2025-12-04,A,Yangon,Member,Male,Fashion accessories,149.7,4,29.94,628.74,Credit card,598.8,29.94,4.4
INV-01273,2025-12-10,A,Yangon,Member,Female,Electronic accessories,98.95,7,34.63,727.28,Cash,692.65,34.63,6.0
INV-01274,2025-09-28,C,Naypyitaw,Normal,Male,Food and beverages,173.11,5,43.28,908.83,Ewallet,865.55,43.28,4.6
INV-01275,2025-04-23,A,Yangon,Member,Female,Home and lifestyle,83.26,8,33.3,699.38,Cash,666.08,33.3,4.4
INV-01276,2025-03-26,B,Mandalay,Member,Male,Fashion accessories,68.36,10,34.18,717.78,Credit card,683.6,34.18,9.3
INV-01277,2025-02-26,C,Naypyitaw,Member,Female,Electronic accessories,13.15,8,5.26,110.46,Cash,105.2,5.26,6.9
INV-01278,2025-08-20,C,Naypyitaw,Member,Female,Home and lifestyle,60.46,9,27.21,571.35,Credit card,544.14,27.21,5.3
INV-01279,2025-09-15,B,Mandalay,Normal,Female,Sports and travel,106.51,1,5.33,111.84,Credit card,106.51,5.33,4.6
INV-01280,2025-07-15,C,Naypyitaw,Normal,Male,Fashion accessories,186.32,4,37.26,782.54,Credit card,745.28,37.26,5.1
INV-01281,2025-09-29,B,Mandalay,Member,Male,Food and beverages,103.79,7,36.33,762.86,Ewallet,726.53,36.33,5.5
INV-01282,2025-04-23,A,Yangon,Normal,Male,Health and beauty,20.1,1,1.01,21.11,Cash,20.1,1.01,7.2
INV-01283,2025-04-26,B,Mandalay,Normal,Female,Food and beverages,142.91,7,50.02,1050.39,Cash,1000.37,50.02,5.3
INV-01284,2025-05-18,C,Naypyitaw,Normal,Female,Sports and travel,49.08,4,9.82,206.14,Ewallet,196.32,9.82,7.6
INV-01285,2025-01-02,C,Naypyitaw,Normal,Female,Health and beauty,45.16,10,22.58,474.18,Ewallet,451.6,22.58,5.4
INV-01286,2025-12-15,B,Mandalay,Normal,Male,Health and beauty,41.66,6,12.5,262.46,Cash,249.96,12.5,8.0
INV-01287,2025-06-21,B,Mandalay,Member,Male,Health and beauty,43.73,5,10.93,229.58,Ewallet,218.65,10.93,8.6
INV-01288,2025-11-01,A,Yangon,Member,Female,Home and lifestyle,194.21,10,97.11,2039.21,Cash,1942.1,97.11,6.8
INV-01289,2025-01-09,A,Yangon,Member,Male,Food and beverages,139.21,5,34.8,730.85,Cash,696.05,34.8,8.7
INV-01290,2025-06-05,A,Yangon,Normal,Female,Fashion accessories,73.78,8,29.51,619.75,Ewallet,590.24,29.51,6.9
INV-01291,2025-08-23,B,Mandalay,Normal,Female,Health and beauty,167.27,5,41.82,878.17,Cash,836.35,41.82,5.6
INV-01292,2025-11-24,C,Naypyitaw,Member,Male,Health and beauty,38.1,7,13.34,280.04,Credit card,266.7,13.34,7.0
INV-01293,2025-10-23,A,Yangon,Normal,Male,Fashion accessories,142.2,7,49.77,1045.17,Ewallet,995.4,49.77,4.5
INV-01294,2025-11-24,B,Mandalay,Normal,Male,Health and beauty,193.44,9,87.05,1828.01,Credit card,1740.96,87.05,9.5
INV-01295,2025-06-19,B,Mandalay,Normal,Male,Sports and travel,121.94,5,30.49,640.19,Cash,609.7,30.49,7.5
INV-01296,2025-06-25,C,Naypyitaw,Normal,Female,Food and beverages,33.36,8,13.34,280.22,Cash,266.88,13.34,9.8
INV-01297,2025-12-17,B,Mandalay,Normal,Male,Electronic accessories,98.6,3,14.79,310.59,Credit card,295.8,14.79,6.9
INV-01298,2025-05-31,A,Yangon,Normal,Male,Health and beauty,96.23,4,19.25,404.17,Cash,384.92,19.25,6.9
INV-01299,2025-08-09,A,Yangon,Member,Female,Home and lifestyle,135.45,1,6.77,142.22,Cash,135.45,6.77,6.1
INV-01300,2025-09-15,B,Mandalay,Member,Male,Fashion accessories,192.12,9,86.45,1815.53,Ewallet,1729.08,86.45,5.6
INV-01301,2025-04-11,C,Naypyitaw,Normal,Male,Sports and travel,121.19,2,12.12,254.5,Cash,242.38,12.12,6.8
INV-01302,2025-05-08,B,Mandalay,Normal,Male,Fashion accessories,131.04,7,45.86,963.14,Credit card,917.28,45.86,9.5
INV-01303,2025-06-09,C,Naypyitaw,Member,Male,Electronic accessories,117.14,6,35.14,737.98,Credit card,702.84,35.14,4.8
INV-01304,2025-04-13,C,Naypyitaw,Normal,Male,Home and lifestyle,67.95,5,16.99,356.74,Credit card,339.75,16.99,8.7
INV-01305,2025-02-19,B,Mandalay,Normal,Female,Electronic accessories,110.05,6,33.02,693.32,Credit card,660.3,33.02,6.6
INV-01306,2025-07-30,B,Mandalay,Member,Female,Sports and travel,15.26,9,6.87,144.21,Cash,137.34,6.87,8.5
INV-01307,2025-06-04,C,Naypyitaw,Member,Female,Electronic accessories,120.26,6,36.08,757.64,Cash,721.56,36.08,8.5
INV-01308,2025-03-06,B,Mandalay,Normal,Male,Sports and travel,137.32,8,54.93,1153.49,Cash,1098.56,54.93,4.3
INV-01309,2025-02-24,C,Naypyitaw,Normal,Female,Home and lifestyle,122.92,5,30.73,645.33,Cash,614.6,30.73,4.7
INV-01310,2025-12-12,C,Naypyitaw,Member,Male,Food and beverages,150.48,1,7.52,158.0,Ewallet,150.48,7.52,8.4
INV-01311,2025-03-11,B,Mandalay,Normal,Female,Electronic accessories,180.06,3,27.01,567.19,Ewallet,540.18,27.01,9.9
INV-01312,2025-09-06,A,Yangon,Member,Male,Food and beverages,140.68,2,14.07,295.43,Cash,281.36,14.07,7.6
INV-01313,2025-09-24,A,Yangon,Normal,Male,Health and beauty,56.97,2,5.7,119.64,Ewallet,113.94,5.7,6.7
INV-01314,2025-03-04,A,Yangon,Member,Female,Home and lifestyle,86.87,3,13.03,273.64,Ewallet,260.61,13.03,8.1
INV-01315,2025-11-12,C,Naypyitaw,Member,Male,Health and beauty,92.15,1,4.61,96.76,Ewallet,92.15,4.61,7.9
INV-01316,2025-09-19,A,Yangon,Normal,Female,Fashion accessories,142.93,4,28.59,600.31,Credit card,571.72,28.59,5.7
INV-01317,2025-10-29,A,Yangon,Normal,Female,Sports and travel,79.79,5,19.95,418.9,Ewallet,398.95,19.95,8.8
INV-01318,2025-08-02,B,Mandalay,Normal,Male,Sports and travel,38.15,5,9.54,200.29,Ewallet,190.75,9.54,6.3
INV-01319,2025-06-05,C,Naypyitaw,Normal,Male,Health and beauty,132.57,10,66.28,1391.98,Credit card,1325.7,66.28,9.8
INV-01320,2025-08-23,B,Mandalay,Normal,Male,Home and lifestyle,11.73,3,1.76,36.95,Credit card,35.19,1.76,9.4
INV-01321,2025-07-19,C,Naypyitaw,Normal,Female,Food and beverages,21.93,3,3.29,69.08,Credit card,65.79,3.29,8.3
INV-01322,2025-05-23,A,Yangon,Member,Female,Fashion accessories,67.56,7,23.65,496.57,Credit card,472.92,23.65,9.8
INV-01323,2025-12-04,C,Naypyitaw,Normal,Male,Electronic accessories,119.45,9,53.75,1128.8,Ewallet,1075.05,53.75,5.9
INV-01324,2025-06-28,C,Naypyitaw,Member,Male,Food and beverages,127.32,7,44.56,935.8,Cash,891.24,44.56,9.1
INV-01325,2025-04-29,A,Yangon,Normal,Female,Health and beauty,136.4,8,54.56,1145.76,Cash,1091.2,54.56,9.9
INV-01326,2025-05-02,C,Naypyitaw,Normal,Female,Health and beauty,180.96,3,27.14,570.02,Cash,542.88,27.14,4.4
INV-01327,2025-02-28,B,Mandalay,Normal,Female,Health and beauty,170.89,2,17.09,358.87,Ewallet,341.78,17.09,7.8
INV-01328,2025-03-31,A,Yangon,Normal,Male,Home and lifestyle,30.46,8,12.18,255.86,Ewallet,243.68,12.18,7.4
INV-01329,2025-04-11,A,Yangon,Member,Male,Home and lifestyle,103.31,5,25.83,542.38,Ewallet,516.55,25.83,5.0
INV-01330,2025-04-09,C,Naypyitaw,Member,Male,Health and beauty,120.6,2,12.06,253.26,Cash,241.2,12.06,9.4
INV-01331,2025-07-28,B,Mandalay,Normal,Male,Food and beverages,113.85,2,11.38,239.08,Ewallet,227.7,11.38,8.4
INV-01332,2025-11-25,C,Naypyitaw,Normal,Female,Food and beverages,104.27,4,20.85,437.93,Credit card,417.08,20.85,7.7
INV-01333,2025-03-12,C,Naypyitaw,Member,Male,Health and beauty,93.39,7,32.69,686.42,Cash,653.73,32.69,8.7
INV-01334,2025-02-21,B,Mandalay,Normal,Male,Health and beauty,104.76,1,5.24,110.0,Cash,104.76,5.24,8.9
INV-01335,2025-05-09,B,Mandalay,Member,Female,Sports and travel,143.62,2,14.36,301.6,Cash,287.24,14.36,7.2
INV-01336,2025-09-23,A,Yangon,Member,Male,Food and beverages,105.01,7,36.75,771.82,Ewallet,735.07,36.75,6.8
INV-01337,2025-12-01,B,Mandalay,Normal,Male,Health and beauty,16.13,7,5.65,118.56,Credit card,112.91,5.65,9.3
INV-01338,2025-03-13,A,Yangon,Member,Male,Electronic accessories,113.95,6,34.19,717.89,Credit card,683.7,34.19,4.4
INV-01339,2025-11-09,C,Naypyitaw,Normal,Male,Fashion accessories,168.65,1,8.43,177.08,Credit card,168.65,8.43,7.6
INV-01340,2025-02-11,C,Naypyitaw,Normal,Male,Food and beverages,100.97,3,15.15,318.06,Cash,302.91,15.15,4.2
INV-01341,2025-04-26,C,Naypyitaw,Normal,Male,Fashion accessories,76.55,8,30.62,643.02,Cash,612.4,30.62,9.6
INV-01342,2025-04-11,A,Yangon,Member,Female,Food and beverages,125.55,7,43.94,922.79,Cash,878.85,43.94,6.3
INV-01343,2025-12-23,B,Mandalay,Member,Male,Electronic accessories,91.65,7,32.08,673.63,Credit card,641.55,32.08,4.7
INV-01344,2025-07-08,C,Naypyitaw,Member,Male,Home and lifestyle,46.79,7,16.38,343.91,Cash,327.53,16.38,4.6
INV-01345,2025-04-27,A,Yangon,Member,Male,Sports and travel,152.02,9,68.41,1436.59,Ewallet,1368.18,68.41,5.5
INV-01346,2025-02-09,A,Yangon,Normal,Male,Health and beauty,34.08,3,5.11,107.35,Credit card,102.24,5.11,6.1
INV-01347,2025-05-06,C,Naypyitaw,Normal,Male,Home and lifestyle,34.65,7,12.13,254.68,Ewallet,242.55,12.13,4.5
INV-01348,2025-10-06,B,Mandalay,Member,Female,Electronic accessories,104.04,6,31.21,655.45,Ewallet,624.24,31.21,5.8
INV-01349,2025-10-10,B,Mandalay,Normal,Female,Home and lifestyle,175.1,4,35.02,735.42,Ewallet,700.4,35.02,7.2
INV-01350,2025-01-28,A,Yangon,Normal,Female,Home and lifestyle,181.08,10,90.54,1901.34,Cash,1810.8,90.54,5.2
INV-01351,2025-09-24,A,Yangon,Member,Male,Electronic accessories,67.94,9,30.57,642.03,Credit card,611.46,30.57,8.3
INV-01352,2025-01-19,A,Yangon,Member,Male,Electronic accessories,142.68,8,57.07,1198.51,Credit card,1141.44,57.07,9.0
INV-01353,2025-05-23,B,Mandalay,Member,Female,Food and beverages,82.99,2,8.3,174.28,Ewallet,165.98,8.3,6.3
INV-01354,2025-07-15,A,Yangon,Member,Female,Sports and travel,94.36,4,18.87,396.31,Cash,377.44,18.87,8.0
INV-01355,2025-01-27,C,Naypyitaw,Normal,Male,Fashion accessories,67.98,9,30.59,642.41,Ewallet,611.82,30.59,8.5
INV-01356,2025-05-15,B,Mandalay,Normal,Female,Food and beverages,51.14,1,2.56,53.7,Credit card,51.14,2.56,8.7
INV-01357,2025-01-30,C,Naypyitaw,Normal,Female,Health and beauty,115.13,5,28.78,604.43,Ewallet,575.65,28.78,8.3
INV-01358,2025-05-14,C,Naypyitaw,Member,Male,Electronic accessories,192.46,8,76.98,1616.66,Cash,1539.68,76.98,5.7
INV-01359,2025-05-21,C,Naypyitaw,Normal,Female,Health and beauty,199.77,9,89.9,1887.83,Ewallet,1797.93,89.9,6.4
INV-01360,2025-05-21,C,Naypyitaw,Member,Male,Home and lifestyle,61.06,5,15.27,320.57,Credit card,305.3,15.27,7.4
INV-01361,2025-05-16,B,Mandalay,Normal,Male,Electronic accessories,94.32,1,4.72,99.04,Credit card,94.32,4.72,4.2
INV-01362,2025-09-03,B,Mandalay,Normal,Male,Fashion accessories,170.42,4,34.08,715.76,Ewallet,681.68,34.08,9.6
INV-01363,2025-11-09,B,Mandalay,Normal,Male,Food and beverages,69.67,2,6.97,146.31,Credit card,139.34,6.97,8.6
INV-01364,2025-05-13,B,Mandalay,Member,Male,Sports and travel,34.17,3,5.13,107.64,Cash,102.51,5.13,4.7
INV-01365,2025-04-05,A,Yangon,Normal,Male,Fashion accessories,106.28,8,42.51,892.75,Ewallet,850.24,42.51,8.3
INV-01366,2025-05-13,A,Yangon,Member,Male,Home and lifestyle,13.06,6,3.92,82.28,Credit card,78.36,3.92,4.7
INV-01367,2025-08-16,C,Naypyitaw,Member,Female,Health and beauty,107.1,4,21.42,449.82,Ewallet,428.4,21.42,6.2
INV-01368,2025-08-01,C,Naypyitaw,Member,Male,Health and beauty,131.96,5,32.99,692.79,Credit card,659.8,32.99,7.6
INV-01369,2025-06-21,B,Mandalay,Normal,Female,Sports and travel,180.5,6,54.15,1137.15,Ewallet,1083.0,54.15,4.2
INV-01370,2025-01-23,B,Mandalay,Member,Male,Home and lifestyle,186.76,10,93.38,1960.98,Ewallet,1867.6,93.38,5.3
INV-01371,2025-09-19,B,Mandalay,Normal,Male,Fashion accessories,158.37,9,71.27,1496.6,Credit card,1425.33,71.27,9.0
INV-01372,2025-12-03,A,Yangon,Member,Male,Fashion accessories,38.51,2,3.85,80.87,Ewallet,77.02,3.85,7.0
INV-01373,2025-11-19,C,Naypyitaw,Member,Male,Food and beverages,149.45,9,67.25,1412.3,Ewallet,1345.05,67.25,6.8
INV-01374,2025-09-24,C,Naypyitaw,Normal,Male,Sports and travel,70.22,4,14.04,294.92,Credit card,280.88,14.04,5.5
INV-01375,2025-04-29,B,Mandalay,Member,Female,Sports and travel,69.82,2,6.98,146.62,Ewallet,139.64,6.98,9.7
INV-01376,2025-07-05,B,Mandalay,Member,Female,Health and beauty,76.88,9,34.6,726.52,Ewallet,691.92,34.6,6.9
INV-01377,2025-08-18,A,Yangon,Member,Female,Sports and travel,53.66,3,8.05,169.03,Ewallet,160.98,8.05,7.5
INV-01378,2025-11-07,A,Yangon,Normal,Male,Home and lifestyle,161.21,6,48.36,1015.62,Cash,967.26,48.36,6.5
INV-01379,2025-03-17,C,Naypyitaw,Member,Female,Food and beverages,103.9,4,20.78,436.38,Cash,415.6,20.78,5.0
INV-01380,2025-05-15,B,Mandalay,Member,Male,Food and beverages,145.16,8,58.06,1219.34,Cash,1161.28,58.06,9.0
INV-01381,2025-12-20,A,Yangon,Normal,Female,Electronic accessories,198.09,3,29.71,623.98,Credit card,594.27,29.71,4.8
INV-01382,2025-10-13,C,Naypyitaw,Normal,Female,Electronic accessories,145.28,2,14.53,305.09,Ewallet,290.56,14.53,7.7
INV-01383,2025-01-24,A,Yangon,Normal,Female,Health and beauty,150.36,6,45.11,947.27,Ewallet,902.16,45.11,6.7
INV-01384,2025-05-29,B,Mandalay,Member,Male,Sports and travel,143.02,3,21.45,450.51,Cash,429.06,21.45,7.6
INV-01385,2025-12-12,B,Mandalay,Normal,Male,Fashion accessories,96.17,6,28.85,605.87,Ewallet,577.02,28.85,8.3
INV-01386,2025-02-19,B,Mandalay,Member,Female,Electronic accessories,66.5,6,19.95,418.95,Credit card,399.0,19.95,5.9
INV-01387,2025-04-02,B,Mandalay,Normal,Female,Electronic accessories,17.97,4,3.59,75.47,Ewallet,71.88,3.59,9.3
INV-01388,2025-02-20,B,Mandalay,Normal,Female,Home and lifestyle,64.11,2,6.41,134.63,Credit card,128.22,6.41,6.6
INV-01389,2025-05-28,A,Yangon,Member,Female,Home and lifestyle,197.87,2,19.79,415.53,Cash,395.74,19.79,4.6
INV-01390,2025-09-18,C,Naypyitaw,Member,Male,Electronic accessories,15.2,1,0.76,15.96,Credit card,15.2,0.76,9.0
INV-01391,2025-07-09,A,Yangon,Normal,Female,Electronic accessories,63.55,10,31.78,667.28,Ewallet,635.5,31.78,4.8
INV-01392,2025-06-01,B,Mandalay,Normal,Female,Health and beauty,146.09,2,14.61,306.79,Credit card,292.18,14.61,5.6
INV-01393,2025-05-23,A,Yangon,Member,Male,Fashion accessories,137.06,6,41.12,863.48,Ewallet,822.36,41.12,4.4
INV-01394,2025-09-17,A,Yangon,Member,Female,Home and lifestyle,62.46,9,28.11,590.25,Cash,562.14,28.11,6.6
INV-01395,2025-09-24,C,Naypyitaw,Member,Male,Home and lifestyle,46.18,9,20.78,436.4,Cash,415.62,20.78,4.8
INV-01396,2025-04-23,B,Mandalay,Member,Female,Fashion accessories,47.18,8,18.87,396.31,Cash,377.44,18.87,8.4
INV-01397,2025-03-09,B,Mandalay,Member,Male,Electronic accessories,130.61,2,13.06,274.28,Credit card,261.22,13.06,4.4
INV-01398,2025-11-09,C,Naypyitaw,Normal,Female,Electronic accessories,144.9,1,7.25,152.15,Ewallet,144.9,7.25,6.3
INV-01399,2025-05-01,C,Naypyitaw,Member,Female,Fashion accessories,76.25,9,34.31,720.56,Cash,686.25,34.31,9.3
INV-01400,2025-09-06,C,Naypyitaw,Normal,Female,Sports and travel,161.38,7,56.48,1186.14,Credit card,1129.66,56.48,4.6
INV-01401,2025-05-28,A,Yangon,Member,Female,Sports and travel,194.18,6,58.25,1223.33,Cash,1165.08,58.25,5.1
INV-01402,2025-12-05,B,Mandalay,Member,Female,Health and beauty,76.04,7,26.61,558.89,Credit card,532.28,26.61,7.6
INV-01403,2025-05-01,C,Naypyitaw,Member,Female,Health and beauty,65.28,9,29.38,616.9,Cash,587.52,29.38,7.4
INV-01404,2025-05-14,B,Mandalay,Normal,Female,Fashion accessories,70.35,7,24.62,517.07,Credit card,492.45,24.62,5.6
INV-01405,2025-05-18,A,Yangon,Member,Female,Sports and travel,148.36,6,44.51,934.67,Credit card,890.16,44.51,6.5
INV-01406,2025-03-27,C,Naypyitaw,Normal,Male,Food and beverages,49.18,2,4.92,103.28,Ewallet,98.36,4.92,7.2
INV-01407,2025-01-11,C,Naypyitaw,Normal,Male,Sports and travel,27.15,6,8.14,171.04,Ewallet,162.9,8.14,4.3
INV-01408,2025-07-05,A,Yangon,Normal,Male,Food and beverages,47.7,3,7.16,150.26,Credit card,143.1,7.16,8.8
INV-01409,2025-06-19,B,Mandalay,Member,Male,Sports and travel,50.97,4,10.19,214.07,Cash,203.88,10.19,8.5
INV-01410,2025-02-22,C,Naypyitaw,Member,Male,Food and beverages,85.61,8,34.24,719.12,Credit card,684.88,34.24,5.8
INV-01411,2025-11-20,A,Yangon,Member,Female,Fashion accessories,56.99,5,14.25,299.2,Ewallet,284.95,14.25,6.4
INV-01412,2025-05-19,C,Naypyitaw,Normal,Male,Health and beauty,24.54,9,11.04,231.9,Cash,220.86,11.04,8.5
INV-01413,2025-11-06,C,Naypyitaw,Normal,Male,Electronic accessories,28.16,10,14.08,295.68,Ewallet,281.6,14.08,9.2
INV-01414,2025-08-06,B,Mandalay,Normal,Female,Food and beverages,151.26,5,37.81,794.11,Cash,756.3,37.81,4.6
INV-01415,2025-10-23,C,Naypyitaw,Member,Male,Sports and travel,81.55,7,28.54,599.39,Credit card,570.85,28.54,7.4
INV-01416,2025-05-26,B,Mandalay,Normal,Male,Fashion accessories,111.31,4,22.26,467.5,Credit card,445.24,22.26,8.4
INV-01417,2025-10-07,B,Mandalay,Member,Female,Fashion accessories,30.58,4,6.12,128.44,Cash,122.32,6.12,6.7
INV-01418,2025-10-16,B,Mandalay,Member,Male,Health and beauty,132.14,6,39.64,832.48,Cash,792.84,39.64,7.4
INV-01419,2025-09-08,A,Yangon,Normal,Female,Food and beverages,57.49,3,8.62,181.09,Ewallet,172.47,8.62,8.3
INV-01420,2025-04-30,C,Naypyitaw,Normal,Female,Health and beauty,155.81,5,38.95,818.0,Ewallet,779.05,38.95,6.0
INV-01421,2025-01-19,A,Yangon,Normal,Male,Home and lifestyle,140.91,10,70.45,1479.55,Credit card,1409.1,70.45,8.1
INV-01422,2025-09-08,C,Naypyitaw,Normal,Female,Food and beverages,104.96,4,20.99,440.83,Ewallet,419.84,20.99,6.9
INV-01423,2025-02-11,C,Naypyitaw,Normal,Male,Health and beauty,90.88,2,9.09,190.85,Cash,181.76,9.09,5.0
INV-01424,2025-03-04,C,Naypyitaw,Member,Female,Electronic accessories,47.5,2,4.75,99.75,Credit card,95.0,4.75,5.0
INV-01425,2025-09-07,C,Naypyitaw,Normal,Female,Electronic accessories,152.31,9,68.54,1439.33,Cash,1370.79,68.54,5.8
INV-01426,2025-05-31,B,Mandalay,Normal,Female,Fashion accessories,185.17,5,46.29,972.14,Ewallet,925.85,46.29,7.9
INV-01427,2025-05-29,A,Yangon,Normal,Female,Food and beverages,140.15,10,70.08,1471.58,Credit card,1401.5,70.08,6.8
INV-01428,2025-03-11,B,Mandalay,Member,Female,Electronic accessories,109.63,8,43.85,920.89,Credit card,877.04,43.85,5.1
INV-01429,2025-02-04,B,Mandalay,Member,Male,Health and beauty,69.25,4,13.85,290.85,Ewallet,277.0,13.85,6.8
INV-01430,2025-02-01,A,Yangon,Member,Female,Food and beverages,99.05,3,14.86,312.01,Ewallet,297.15,14.86,7.4
INV-01431,2025-06-26,A,Yangon,Normal,Female,Fashion accessories,12.68,4,2.54,53.26,Credit card,50.72,2.54,7.5
INV-01432,2025-07-08,B,Mandalay,Member,Male,Food and beverages,155.73,5,38.93,817.58,Ewallet,778.65,38.93,4.9
INV-01433,2025-04-21,C,Naypyitaw,Member,Male,Home and lifestyle,43.88,10,21.94,460.74,Ewallet,438.8,21.94,7.5
INV-01434,2025-06-19,B,Mandalay,Normal,Female,Food and beverages,156.68,10,78.34,1645.14,Cash,1566.8,78.34,5.0
INV-01435,2025-04-21,A,Yangon,Member,Male,Health and beauty,186.61,10,93.31,1959.41,Cash,1866.1,93.31,6.9
INV-01436,2025-06-15,A,Yangon,Member,Female,Health and beauty,180.23,1,9.01,189.24,Credit card,180.23,9.01,8.0
INV-01437,2025-06-04,B,Mandalay,Normal,Female,Food and beverages,154.4,4,30.88,648.48,Credit card,617.6,30.88,8.2
INV-01438,2025-06-09,B,Mandalay,Member,Male,Food and beverages,70.22,2,7.02,147.46,Ewallet,140.44,7.02,9.0
INV-01439,2025-03-15,C,Naypyitaw,Normal,Male,Sports and travel,116.49,8,46.6,978.52,Ewallet,931.92,46.6,9.4
INV-01440,2025-06-28,C,Naypyitaw,Normal,Female,Electronic accessories,14.81,6,4.44,93.3,Ewallet,88.86,4.44,6.5
INV-01441,2025-10-14,C,Naypyitaw,Member,Male,Electronic accessories,82.67,3,12.4,260.41,Credit card,248.01,12.4,6.2
INV-01442,2025-01-03,A,Yangon,Normal,Female,Food and beverages,68.97,2,6.9,144.84,Ewallet,137.94,6.9,9.5
INV-01443,2025-05-20,C,Naypyitaw,Normal,Male,Health and beauty,132.97,8,53.19,1116.95,Ewallet,1063.76,53.19,8.2
INV-01444,2025-11-17,B,Mandalay,Normal,Female,Health and beauty,194.52,1,9.73,204.25,Credit card,194.52,9.73,5.0
INV-01445,2025-11-28,C,Naypyitaw,Normal,Male,Food and beverages,163.41,1,8.17,171.58,Ewallet,163.41,8.17,9.4
INV-01446,2025-12-28,A,Yangon,Member,Female,Fashion accessories,43.61,3,6.54,137.37,Cash,130.83,6.54,4.3
INV-01447,2025-12-30,C,Naypyitaw,Normal,Male,Health and beauty,69.7,9,31.37,658.67,Ewallet,627.3,31.37,7.7
INV-01448,2025-06-20,A,Yangon,Member,Female,Fashion accessories,171.16,6,51.35,1078.31,Ewallet,1026.96,51.35,4.1
INV-01449,2025-07-26,C,Naypyitaw,Member,Male,Sports and travel,169.17,1,8.46,177.63,Ewallet,169.17,8.46,4.9
INV-01450,2025-02-12,B,Mandalay,Member,Female,Electronic accessories,94.25,5,23.56,494.81,Cash,471.25,23.56,7.8
INV-01451,2025-06-09,A,Yangon,Normal,Female,Home and lifestyle,116.51,2,11.65,244.67,Ewallet,233.02,11.65,9.0
INV-01452,2025-10-17,A,Yangon,Member,Male,Sports and travel,26.75,2,2.68,56.18,Cash,53.5,2.68,5.9
INV-01453,2025-01-11,C,Naypyitaw,Normal,Female,Electronic accessories,159.86,4,31.97,671.41,Cash,639.44,31.97,9.3
INV-01454,2025-06-07,A,Yangon,Member,Female,Fashion accessories,132.04,4,26.41,554.57,Cash,528.16,26.41,6.3
INV-01455,2025-04-02,B,Mandalay,Normal,Male,Home and lifestyle,36.68,6,11.0,231.08,Cash,220.08,11.0,5.6
INV-01456,2025-04-01,A,Yangon,Normal,Male,Home and lifestyle,59.28,8,23.71,497.95,Credit card,474.24,23.71,6.1
INV-01457,2025-06-28,B,Mandalay,Member,Female,Fashion accessories,109.38,3,16.41,344.55,Cash,328.14,16.41,7.2
INV-01458,2025-12-26,A,Yangon,Member,Female,Sports and travel,75.92,5,18.98,398.58,Ewallet,379.6,18.98,9.8
INV-01459,2025-05-18,C,Naypyitaw,Normal,Male,Health and beauty,107.52,4,21.5,451.58,Credit card,430.08,21.5,5.6
INV-01460,2025-09-22,A,Yangon,Member,Female,Fashion accessories,129.91,8,51.96,1091.24,Ewallet,1039.28,51.96,5.9
INV-01461,2025-07-13,C,Naypyitaw,Normal,Male,Fashion accessories,121.79,1,6.09,127.88,Ewallet,121.79,6.09,6.2
INV-01462,2025-03-23,A,Yangon,Member,Male,Sports and travel,100.34,6,30.1,632.14,Credit card,602.04,30.1,5.8
INV-01463,2025-10-07,B,Mandalay,Normal,Female,Electronic accessories,152.89,8,61.16,1284.28,Ewallet,1223.12,61.16,6.4
INV-01464,2025-05-10,A,Yangon,Normal,Female,Fashion accessories,80.91,6,24.27,509.73,Credit card,485.46,24.27,4.2
INV-01465,2025-09-17,A,Yangon,Normal,Male,Health and beauty,89.99,5,22.5,472.45,Cash,449.95,22.5,7.1
INV-01466,2025-11-02,B,Mandalay,Member,Male,Fashion accessories,189.14,4,37.83,794.39,Ewallet,756.56,37.83,6.0
INV-01467,2025-02-16,A,Yangon,Normal,Female,Home and lifestyle,160.64,3,24.1,506.02,Credit card,481.92,24.1,5.0
INV-01468,2025-12-04,A,Yangon,Normal,Female,Electronic accessories,48.08,3,7.21,151.45,Cash,144.24,7.21,5.1
INV-01469,2025-08-12,A,Yangon,Normal,Male,Health and beauty,147.59,3,22.14,464.91,Credit card,442.77,22.14,5.0
INV-01470,2025-08-30,A,Yangon,Normal,Female,Food and beverages,140.49,4,28.1,590.06,Credit card,561.96,28.1,8.2
INV-01471,2025-07-18,A,Yangon,Normal,Female,Electronic accessories,70.49,3,10.57,222.04,Credit card,211.47,10.57,8.9
INV-01472,2025-08-06,C,Naypyitaw,Normal,Female,Food and beverages,84.83,2,8.48,178.14,Ewallet,169.66,8.48,8.4
INV-01473,2025-01-14,C,Naypyitaw,Member,Female,Electronic accessories,178.26,3,26.74,561.52,Credit card,534.78,26.74,6.0
INV-01474,2025-11-09,A,Yangon,Member,Male,Food and beverages,152.82,2,15.28,320.92,Credit card,305.64,15.28,5.1
INV-01475,2025-06-04,A,Yangon,Member,Female,Sports and travel,27.64,7,9.67,203.15,Cash,193.48,9.67,5.7
INV-01476,2025-12-12,B,Mandalay,Member,Male,Sports and travel,16.62,7,5.82,122.16,Credit card,116.34,5.82,8.1
INV-01477,2025-08-27,A,Yangon,Normal,Male,Health and beauty,75.79,2,7.58,159.16,Cash,151.58,7.58,5.9
INV-01478,2025-09-17,C,Naypyitaw,Normal,Female,Sports and travel,140.4,1,7.02,147.42,Credit card,140.4,7.02,8.6
INV-01479,2025-08-06,B,Mandalay,Normal,Female,Home and lifestyle,150.99,2,15.1,317.08,Credit card,301.98,15.1,8.3
INV-01480,2025-07-06,C,Naypyitaw,Normal,Male,Health and beauty,159.24,7,55.73,1170.41,Cash,1114.68,55.73,4.0
INV-01481,2025-10-30,C,Naypyitaw,Normal,Female,Home and lifestyle,47.55,10,23.78,499.28,Cash,475.5,23.78,6.8
INV-01482,2025-03-04,A,Yangon,Normal,Female,Sports and travel,97.45,1,4.87,102.32,Credit card,97.45,4.87,6.0
INV-01483,2025-01-13,B,Mandalay,Normal,Female,Food and beverages,60.77,5,15.19,319.04,Cash,303.85,15.19,6.7
INV-01484,2025-11-22,B,Mandalay,Member,Female,Health and beauty,123.2,6,36.96,776.16,Cash,739.2,36.96,5.1
INV-01485,2025-02-18,C,Naypyitaw,Normal,Female,Electronic accessories,148.09,8,59.24,1243.96,Credit card,1184.72,59.24,9.8
INV-01486,2025-11-13,C,Naypyitaw,Normal,Male,Electronic accessories,184.57,9,83.06,1744.19,Cash,1661.13,83.06,6.0
INV-01487,2025-03-17,A,Yangon,Normal,Male,Food and beverages,195.6,2,19.56,410.76,Credit card,391.2,19.56,9.6
INV-01488,2025-06-04,C,Naypyitaw,Normal,Male,Sports and travel,86.14,3,12.92,271.34,Credit card,258.42,12.92,9.8
INV-01489,2025-10-20,A,Yangon,Member,Male,Home and lifestyle,199.03,10,99.52,2089.82,Credit card,1990.3,99.52,7.4
INV-01490,2025-08-12,A,Yangon,Normal,Male,Home and lifestyle,151.91,3,22.79,478.52,Ewallet,455.73,22.79,6.4
INV-01491,2025-12-14,A,Yangon,Member,Male,Home and lifestyle,61.81,7,21.63,454.3,Credit card,432.67,21.63,7.9
INV-01492,2025-05-17,B,Mandalay,Member,Male,Sports and travel,123.83,6,37.15,780.13,Cash,742.98,37.15,4.1
INV-01493,2025-04-24,B,Mandalay,Normal,Female,Health and beauty,126.16,10,63.08,1324.68,Ewallet,1261.6,63.08,7.6
INV-01494,2025-07-19,C,Naypyitaw,Normal,Female,Sports and travel,186.68,1,9.33,196.01,Credit card,186.68,9.33,6.1
INV-01495,2025-03-19,B,Mandalay,Member,Male,Sports and travel,172.33,8,68.93,1447.57,Ewallet,1378.64,68.93,6.3
INV-01496,2025-01-17,B,Mandalay,Normal,Female,Fashion accessories,171.94,2,17.19,361.07,Cash,343.88,17.19,5.2
INV-01497,2025-07-09,C,Naypyitaw,Normal,Female,Home and lifestyle,65.45,6,19.64,412.34,Cash,392.7,19.64,4.9
INV-01498,2025-03-27,C,Naypyitaw,Normal,Male,Food and beverages,76.81,7,26.88,564.55,Credit card,537.67,26.88,7.3
INV-01499,2025-05-01,B,Mandalay,Normal,Male,Sports and travel,185.02,3,27.75,582.81,Cash,555.06,27.75,6.4
INV-01500,2025-02-26,A,Yangon,Normal,Female,Food and beverages,64.98,3,9.75,204.69,Credit card,194.94,9.75,8.5
INV-01501,2025-11-03,B,Mandalay,Member,Female,Home and lifestyle,70.69,6,21.21,445.35,Ewallet,424.14,21.21,7.2
INV-01502,2025-04-26,B,Mandalay,Normal,Female,Sports and travel,104.02,8,41.61,873.77,Cash,832.16,41.61,9.5
INV-01503,2025-07-24,A,Yangon,Normal,Male,Home and lifestyle,10.63,6,3.19,66.97,Ewallet,63.78,3.19,9.4
INV-01504,2025-10-25,B,Mandalay,Normal,Male,Fashion accessories,89.44,7,31.3,657.38,Ewallet,626.08,31.3,4.2
INV-01505,2025-03-12,A,Yangon,Normal,Male,Food and beverages,127.78,2,12.78,268.34,Credit card,255.56,12.78,7.7
INV-01506,2025-10-19,A,Yangon,Normal,Male,Fashion accessories,99.66,2,9.97,209.29,Ewallet,199.32,9.97,7.6
INV-01507,2025-07-19,C,Naypyitaw,Member,Female,Food and beverages,107.15,4,21.43,450.03,Credit card,428.6,21.43,8.3
INV-01508,2025-03-31,A,Yangon,Normal,Male,Sports and travel,188.06,4,37.61,789.85,Credit card,752.24,37.61,4.4
INV-01509,2025-04-16,A,Yangon,Normal,Male,Food and beverages,97.62,4,19.52,410.0,Cash,390.48,19.52,9.8
INV-01510,2025-11-25,C,Naypyitaw,Member,Male,Health and beauty,162.7,6,48.81,1025.01,Credit card,976.2,48.81,8.3
INV-01511,2025-01-04,A,Yangon,Normal,Female,Fashion accessories,16.14,7,5.65,118.63,Cash,112.98,5.65,8.7
INV-01512,2025-10-03,B,Mandalay,Member,Female,Health and beauty,146.0,10,73.0,1533.0,Credit card,1460.0,73.0,9.0
INV-01513,2025-05-30,A,Yangon,Normal,Female,Sports and travel,167.38,1,8.37,175.75,Ewallet,167.38,8.37,9.6
INV-01514,2025-11-29,C,Naypyitaw,Member,Male,Sports and travel,91.43,2,9.14,192.0,Credit card,182.86,9.14,8.5
INV-01515,2025-02-27,C,Naypyitaw,Normal,Male,Fashion accessories,42.1,7,14.73,309.43,Cash,294.7,14.73,8.8
INV-01516,2025-05-16,A,Yangon,Normal,Female,Health and beauty,72.7,2,7.27,152.67,Cash,145.4,7.27,8.5
INV-01517,2025-06-01,B,Mandalay,Normal,Female,Fashion accessories,94.49,8,37.8,793.72,Ewallet,755.92,37.8,4.2
INV-01518,2025-03-17,A,Yangon,Normal,Female,Food and beverages,64.8,4,12.96,272.16,Ewallet,259.2,12.96,5.7
INV-01519,2025-03-23,C,Naypyitaw,Normal,Female,Food and beverages,130.44,8,52.18,1095.7,Cash,1043.52,52.18,8.5
INV-01520,2025-03-07,C,Naypyitaw,Normal,Male,Electronic accessories,125.42,7,43.9,921.84,Cash,877.94,43.9,9.1
INV-01521,2025-06-05,C,Naypyitaw,Normal,Female,Electronic accessories,121.0,5,30.25,635.25,Credit card,605.0,30.25,7.7
INV-01522,2025-06-26,A,Yangon,Normal,Female,Fashion accessories,39.62,9,17.83,374.41,Credit card,356.58,17.83,9.2
INV-01523,2025-11-28,B,Mandalay,Member,Female,Electronic accessories,175.45,8,70.18,1473.78,Credit card,1403.6,70.18,4.1
INV-01524,2025-06-25,A,Yangon,Member,Female,Electronic accessories,68.77,4,13.75,288.83,Ewallet,275.08,13.75,8.7
INV-01525,2025-11-29,A,Yangon,Member,Male,Electronic accessories,77.74,8,31.1,653.02,Ewallet,621.92,31.1,5.2
INV-01526,2025-01-17,C,Naypyitaw,Member,Female,Sports and travel,129.02,6,38.71,812.83,Ewallet,774.12,38.71,9.8
INV-01527,2025-10-03,C,Naypyitaw,Normal,Male,Health and beauty,194.38,1,9.72,204.1,Cash,194.38,9.72,5.5
INV-01528,2025-04-04,C,Naypyitaw,Member,Female,Fashion accessories,187.9,4,37.58,789.18,Cash,751.6,37.58,4.2
INV-01529,2025-05-17,C,Naypyitaw,Member,Male,Food and beverages,62.72,4,12.54,263.42,Ewallet,250.88,12.54,5.8
INV-01530,2025-04-27,A,Yangon,Normal,Female,Electronic accessories,121.28,10,60.64,1273.44,Cash,1212.8,60.64,7.2
INV-01531,2025-06-13,A,Yangon,Member,Female,Fashion accessories,23.88,8,9.55,200.59,Cash,191.04,9.55,6.9
INV-01532,2025-10-05,A,Yangon,Normal,Male,Food and beverages,50.85,8,20.34,427.14,Ewallet,406.8,20.34,6.6
INV-01533,2025-08-15,A,Yangon,Normal,Male,Fashion accessories,47.01,10,23.5,493.6,Credit card,470.1,23.5,8.5
INV-01534,2025-05-19,C,Naypyitaw,Normal,Female,Sports and travel,129.91,6,38.97,818.43,Ewallet,779.46,38.97,5.8
INV-01535,2025-05-08,C,Naypyitaw,Normal,Female,Home and lifestyle,62.3,9,28.03,588.73,Cash,560.7,28.03,9.9
INV-01536,2025-09-07,A,Yangon,Normal,Female,Health and beauty,70.65,9,31.79,667.64,Cash,635.85,31.79,5.1
INV-01537,2025-12-11,B,Mandalay,Normal,Male,Home and lifestyle,27.97,8,11.19,234.95,Cash,223.76,11.19,8.7
INV-01538,2025-04-20,A,Yangon,Normal,Male,Home and lifestyle,105.34,6,31.6,663.64,Ewallet,632.04,31.6,5.8
INV-01539,2025-04-18,C,Naypyitaw,Member,Male,Food and beverages,137.66,6,41.3,867.26,Credit card,825.96,41.3,8.7
INV-01540,2025-11-09,A,Yangon,Normal,Female,Fashion accessories,39.86,9,17.94,376.68,Ewallet,358.74,17.94,5.6
INV-01541,2025-08-30,B,Mandalay,Normal,Female,Home and lifestyle,80.45,5,20.11,422.36,Ewallet,402.25,20.11,5.9
INV-01542,2025-08-06,B,Mandalay,Member,Female,Food and beverages,84.77,7,29.67,623.06,Cash,593.39,29.67,9.8
INV-01543,2025-11-27,B,Mandalay,Member,Male,Electronic accessories,195.25,5,48.81,1025.06,Cash,976.25,48.81,8.0
INV-01544,2025-05-31,B,Mandalay,Normal,Female,Home and lifestyle,14.5,7,5.08,106.58,Ewallet,101.5,5.08,7.4
INV-01545,2025-04-21,A,Yangon,Member,Male,Food and beverages,105.56,5,26.39,554.19,Cash,527.8,26.39,5.0
INV-01546,2025-09-03,C,Naypyitaw,Normal,Female,Fashion accessories,122.66,1,6.13,128.79,Cash,122.66,6.13,5.7
INV-01547,2025-10-28,C,Naypyitaw,Normal,Female,Sports and travel,21.27,1,1.06,22.33,Ewallet,21.27,1.06,6.2
INV-01548,2025-02-26,B,Mandalay,Normal,Female,Sports and travel,35.51,2,3.55,74.57,Cash,71.02,3.55,9.2
INV-01549,2025-06-03,C,Naypyitaw,Normal,Male,Food and beverages,48.0,2,4.8,100.8,Credit card,96.0,4.8,7.4
INV-01550,2025-05-14,C,Naypyitaw,Member,Male,Food and beverages,110.9,5,27.73,582.23,Cash,554.5,27.73,9.2
INV-01551,2025-12-31,C,Naypyitaw,Normal,Male,Fashion accessories,69.65,6,20.9,438.8,Cash,417.9,20.9,5.9
INV-01552,2025-08-24,A,Yangon,Normal,Male,Home and lifestyle,73.27,5,18.32,384.67,Cash,366.35,18.32,4.7
INV-01553,2025-08-07,B,Mandalay,Member,Female,Sports and travel,163.15,1,8.16,171.31,Cash,163.15,8.16,7.4
INV-01554,2025-09-16,A,Yangon,Normal,Female,Home and lifestyle,160.13,8,64.05,1345.09,Ewallet,1281.04,64.05,4.4
INV-01555,2025-10-17,A,Yangon,Member,Male,Health and beauty,195.1,2,19.51,409.71,Ewallet,390.2,19.51,9.5
INV-01556,2025-11-29,C,Naypyitaw,Normal,Female,Electronic accessories,152.86,7,53.5,1123.52,Credit card,1070.02,53.5,9.3
INV-01557,2025-03-19,C,Naypyitaw,Normal,Female,Fashion accessories,72.78,3,10.92,229.26,Ewallet,218.34,10.92,8.7
INV-01558,2025-08-10,C,Naypyitaw,Member,Female,Health and beauty,86.28,5,21.57,452.97,Cash,431.4,21.57,4.1
INV-01559,2025-08-07,B,Mandalay,Normal,Female,Electronic accessories,59.18,4,11.84,248.56,Ewallet,236.72,11.84,8.0
INV-01560,2025-07-01,C,Naypyitaw,Member,Male,Fashion accessories,174.78,3,26.22,550.56,Cash,524.34,26.22,5.9
INV-01561,2025-01-14,A,Yangon,Member,Female,Food and beverages,124.37,1,6.22,130.59,Cash,124.37,6.22,6.0
INV-01562,2025-04-28,B,Mandalay,Member,Female,Fashion accessories,49.67,5,12.42,260.77,Credit card,248.35,12.42,5.4
INV-01563,2025-07-01,A,Yangon,Member,Female,Health and beauty,36.09,8,14.44,303.16,Cash,288.72,14.44,6.7
INV-01564,2025-04-17,C,Naypyitaw,Normal,Male,Sports and travel,19.35,8,7.74,162.54,Cash,154.8,7.74,8.6
INV-01565,2025-03-05,C,Naypyitaw,Member,Male,Health and beauty,194.16,9,87.37,1834.81,Cash,1747.44,87.37,4.7
INV-01566,2025-11-06,B,Mandalay,Normal,Male,Home and lifestyle,152.44,6,45.73,960.37,Cash,914.64,45.73,9.9
INV-01567,2025-07-04,C,Naypyitaw,Normal,Male,Sports and travel,58.5,2,5.85,122.85,Cash,117.0,5.85,6.3
INV-01568,2025-07-24,B,Mandalay,Member,Female,Health and beauty,77.39,5,19.35,406.3,Ewallet,386.95,19.35,5.8
INV-01569,2025-02-13,C,Naypyitaw,Normal,Male,Fashion accessories,132.28,7,46.3,972.26,Credit card,925.96,46.3,8.4
INV-01570,2025-01-24,B,Mandalay,Member,Male,Electronic accessories,171.01,3,25.65,538.68,Ewallet,513.03,25.65,4.9
INV-01571,2025-08-29,C,Naypyitaw,Normal,Female,Health and beauty,21.62,4,4.32,90.8,Ewallet,86.48,4.32,6.5
INV-01572,2025-08-03,A,Yangon,Member,Male,Electronic accessories,43.18,9,19.43,408.05,Credit card,388.62,19.43,9.3
INV-01573,2025-03-25,A,Yangon,Normal,Female,Health and beauty,104.54,5,26.14,548.84,Credit card,522.7,26.14,7.7
INV-01574,2025-01-14,A,Yangon,Member,Male,Home and lifestyle,15.41,8,6.16,129.44,Credit card,123.28,6.16,4.3
INV-01575,2025-11-03,B,Mandalay,Member,Male,Fashion accessories,109.79,3,16.47,345.84,Credit card,329.37,16.47,9.4
INV-01576,2025-08-03,A,Yangon,Normal,Female,Health and beauty,31.36,8,12.54,263.42,Ewallet,250.88,12.54,6.6
INV-01577,2025-11-23,C,Naypyitaw,Normal,Male,Health and beauty,69.17,8,27.67,581.03,Credit card,553.36,27.67,7.9
INV-01578,2025-11-11,B,Mandalay,Normal,Male,Fashion accessories,146.1,8,58.44,1227.24,Cash,1168.8,58.44,5.3
INV-01579,2025-03-15,A,Yangon,Normal,Female,Electronic accessories,135.25,2,13.53,284.03,Ewallet,270.5,13.53,4.6
INV-01580,2025-05-09,A,Yangon,Normal,Female,Electronic accessories,148.71,5,37.18,780.73,Ewallet,743.55,37.18,7.5
INV-01581,2025-10-23,C,Naypyitaw,Normal,Female,Home and lifestyle,154.38,3,23.16,486.3,Credit card,463.14,23.16,8.0
INV-01582,2025-01-18,C,Naypyitaw,Member,Male,Fashion accessories,182.14,7,63.75,1338.73,Cash,1274.98,63.75,4.1
INV-01583,2025-01-18,C,Naypyitaw,Member,Female,Electronic accessories,40.76,6,12.23,256.79,Credit card,244.56,12.23,9.1
INV-01584,2025-11-18,A,Yangon,Normal,Female,Food and beverages,87.07,4,17.41,365.69,Ewallet,348.28,17.41,6.6
INV-01585,2025-05-24,C,Naypyitaw,Normal,Male,Fashion accessories,156.02,6,46.81,982.93,Credit card,936.12,46.81,6.0
INV-01586,2025-10-09,B,Mandalay,Normal,Male,Sports and travel,136.02,6,40.81,856.93,Credit card,816.12,40.81,6.6
INV-01587,2025-10-06,A,Yangon,Member,Male,Electronic accessories,27.97,8,11.19,234.95,Ewallet,223.76,11.19,8.3
INV-01588,2025-06-27,A,Yangon,Member,Male,Home and lifestyle,95.99,9,43.2,907.11,Credit card,863.91,43.2,8.9
INV-01589,2025-04-10,C,Naypyitaw,Member,Male,Electronic accessories,169.6,4,33.92,712.32,Ewallet,678.4,33.92,8.5
INV-01590,2025-11-04,C,Naypyitaw,Member,Female,Electronic accessories,116.95,9,52.63,1105.18,Ewallet,1052.55,52.63,5.4
INV-01591,2025-03-27,C,Naypyitaw,Member,Male,Home and lifestyle,40.16,3,6.02,126.5,Ewallet,120.48,6.02,9.7
INV-01592,2025-08-06,C,Naypyitaw,Normal,Female,Electronic accessories,62.9,7,22.02,462.32,Ewallet,440.3,22.02,9.8
INV-01593,2025-08-28,B,Mandalay,Member,Male,Home and lifestyle,35.86,5,8.97,188.27,Credit card,179.3,8.97,8.3
INV-01594,2025-06-09,C,Naypyitaw,Member,Male,Electronic accessories,185.38,10,92.69,1946.49,Credit card,1853.8,92.69,4.8
INV-01595,2025-03-24,B,Mandalay,Normal,Female,Electronic accessories,84.34,3,12.65,265.67,Ewallet,253.02,12.65,5.2
INV-01596,2025-02-06,B,Mandalay,Member,Female,Electronic accessories,193.04,5,48.26,1013.46,Cash,965.2,48.26,8.4
INV-01597,2025-12-11,C,Naypyitaw,Normal,Female,Electronic accessories,49.11,3,7.37,154.7,Cash,147.33,7.37,7.8
INV-01598,2025-06-09,C,Naypyitaw,Normal,Male,Food and beverages,29.5,10,14.75,309.75,Ewallet,295.0,14.75,6.6
INV-01599,2025-10-05,A,Yangon,Member,Female,Fashion accessories,125.91,3,18.89,396.62,Credit card,377.73,18.89,9.7
INV-01600,2025-07-15,A,Yangon,Normal,Male,Home and lifestyle,31.44,8,12.58,264.1,Ewallet,251.52,12.58,8.1
INV-01601,2025-05-30,B,Mandalay,Normal,Male,Electronic accessories,109.34,2,10.93,229.61,Ewallet,218.68,10.93,7.0
INV-01602,2025-08-10,C,Naypyitaw,Normal,Female,Sports and travel,20.76,2,2.08,43.6,Credit card,41.52,2.08,7.8
INV-01603,2025-08-03,B,Mandalay,Member,Male,Fashion accessories,168.9,6,50.67,1064.07,Cash,1013.4,50.67,8.3
INV-01604,2025-05-05,B,Mandalay,Normal,Female,Food and beverages,104.05,10,52.03,1092.53,Cash,1040.5,52.03,10.0
INV-01605,2025-09-07,C,Naypyitaw,Normal,Female,Food and beverages,125.26,10,62.63,1315.23,Cash,1252.6,62.63,7.6
INV-01606,2025-11-26,C,Naypyitaw,Member,Female,Health and beauty,119.37,2,11.94,250.68,Ewallet,238.74,11.94,8.0
INV-01607,2025-08-04,C,Naypyitaw,Normal,Female,Sports and travel,146.47,1,7.32,153.79,Credit card,146.47,7.32,7.4
INV-01608,2025-01-20,C,Naypyitaw,Member,Male,Sports and travel,164.5,7,57.58,1209.08,Ewallet,1151.5,57.58,5.1
INV-01609,2025-06-18,C,Naypyitaw,Member,Female,Health and beauty,65.53,7,22.94,481.65,Credit card,458.71,22.94,6.2
INV-01610,2025-06-26,C,Naypyitaw,Normal,Female,Home and lifestyle,194.98,4,39.0,818.92,Cash,779.92,39.0,5.9
INV-01611,2025-11-22,C,Naypyitaw,Member,Female,Home and lifestyle,156.04,3,23.41,491.53,Ewallet,468.12,23.41,6.4
INV-01612,2025-03-30,B,Mandalay,Normal,Male,Sports and travel,172.76,6,51.83,1088.39,Credit card,1036.56,51.83,9.0
INV-01613,2025-02-16,A,Yangon,Normal,Male,Fashion accessories,87.15,10,43.58,915.08,Credit card,871.5,43.58,5.2
INV-01614,2025-09-06,C,Naypyitaw,Normal,Male,Home and lifestyle,74.03,8,29.61,621.85,Cash,592.24,29.61,5.9
INV-01615,2025-04-08,A,Yangon,Normal,Male,Food and beverages,69.0,9,31.05,652.05,Credit card,621.0,31.05,7.7
INV-01616,2025-04-12,A,Yangon,Normal,Female,Health and beauty,27.2,10,13.6,285.6,Cash,272.0,13.6,8.3
INV-01617,2025-07-01,C,Naypyitaw,Member,Female,Sports and travel,35.28,7,12.35,259.31,Ewallet,246.96,12.35,7.4
INV-01618,2025-06-15,A,Yangon,Member,Male,Electronic accessories,94.08,1,4.7,98.78,Ewallet,94.08,4.7,10.0
INV-01619,2025-09-11,A,Yangon,Member,Male,Electronic accessories,168.32,4,33.66,706.94,Credit card,673.28,33.66,7.9
INV-01620,2025-03-16,A,Yangon,Normal,Female,Health and beauty,66.39,1,3.32,69.71,Credit card,66.39,3.32,7.3
INV-01621,2025-04-09,C,Naypyitaw,Normal,Female,Sports and travel,45.35,9,20.41,428.56,Ewallet,408.15,20.41,5.6
INV-01622,2025-05-15,B,Mandalay,Normal,Female,Sports and travel,80.34,4,16.07,337.43,Cash,321.36,16.07,9.7
INV-01623,2025-06-14,A,Yangon,Member,Male,Fashion accessories,56.91,9,25.61,537.8,Ewallet,512.19,25.61,8.3
INV-01624,2025-06-10,C,Naypyitaw,Member,Female,Health and beauty,163.38,10,81.69,1715.49,Ewallet,1633.8,81.69,8.2
INV-01625,2025-04-25,C,Naypyitaw,Normal,Female,Sports and travel,61.14,1,3.06,64.2,Credit card,61.14,3.06,7.5
INV-01626,2025-03-29,A,Yangon,Member,Female,Health and beauty,116.39,9,52.38,1099.89,Credit card,1047.51,52.38,9.2
INV-01627,2025-02-02,A,Yangon,Normal,Male,Fashion accessories,77.34,5,19.34,406.04,Ewallet,386.7,19.34,7.6
INV-01628,2025-12-27,B,Mandalay,Normal,Female,Electronic accessories,197.38,4,39.48,829.0,Ewallet,789.52,39.48,8.2
INV-01629,2025-06-19,B,Mandalay,Normal,Male,Electronic accessories,118.27,9,53.22,1117.65,Ewallet,1064.43,53.22,9.9
INV-01630,2025-06-11,C,Naypyitaw,Normal,Male,Health and beauty,194.47,1,9.72,204.19,Cash,194.47,9.72,7.7
INV-01631,2025-07-31,C,Naypyitaw,Member,Male,Fashion accessories,40.63,4,8.13,170.65,Cash,162.52,8.13,4.2
INV-01632,2025-03-03,B,Mandalay,Normal,Female,Home and lifestyle,26.93,7,9.43,197.94,Credit card,188.51,9.43,8.2
INV-01633,2025-06-25,A,Yangon,Member,Female,Electronic accessories,28.21,6,8.46,177.72,Credit card,169.26,8.46,7.0
INV-01634,2025-05-14,A,Yangon,Member,Female,Sports and travel,48.12,6,14.44,303.16,Credit card,288.72,14.44,8.5
INV-01635,2025-05-12,C,Naypyitaw,Member,Female,Health and beauty,177.07,1,8.85,185.92,Cash,177.07,8.85,5.0
INV-01636,2025-01-07,C,Naypyitaw,Member,Female,Health and beauty,72.1,5,18.03,378.53,Cash,360.5,18.03,9.7
INV-01637,2025-11-22,A,Yangon,Member,Female,Food and beverages,104.66,9,47.1,989.04,Cash,941.94,47.1,9.2
INV-01638,2025-11-04,A,Yangon,Member,Male,Home and lifestyle,119.06,8,47.62,1000.1,Credit card,952.48,47.62,4.2
INV-01639,2025-10-03,A,Yangon,Normal,Male,Health and beauty,163.37,5,40.84,857.69,Credit card,816.85,40.84,8.1
INV-01640,2025-09-23,C,Naypyitaw,Member,Male,Electronic accessories,181.04,8,72.42,1520.74,Ewallet,1448.32,72.42,9.5
INV-01641,2025-12-04,B,Mandalay,Member,Male,Food and beverages,168.04,8,67.22,1411.54,Credit card,1344.32,67.22,5.5
INV-01642,2025-05-03,A,Yangon,Member,Female,Sports and travel,45.78,7,16.02,336.48,Cash,320.46,16.02,9.5
INV-01643,2025-12-04,B,Mandalay,Member,Male,Fashion accessories,153.38,10,76.69,1610.49,Ewallet,1533.8,76.69,7.9
INV-01644,2025-10-16,C,Naypyitaw,Normal,Male,Food and beverages,143.42,9,64.54,1355.32,Credit card,1290.78,64.54,5.9
INV-01645,2025-04-12,B,Mandalay,Normal,Female,Home and lifestyle,189.41,7,66.29,1392.16,Credit card,1325.87,66.29,4.5
INV-01646,2025-09-09,A,Yangon,Normal,Female,Health and beauty,71.09,8,28.44,597.16,Credit card,568.72,28.44,10.0
INV-01647,2025-12-17,B,Mandalay,Member,Male,Fashion accessories,20.47,1,1.02,21.49,Credit card,20.47,1.02,9.4
INV-01648,2025-10-20,C,Naypyitaw,Member,Male,Food and beverages,42.94,6,12.88,270.52,Cash,257.64,12.88,9.8
INV-01649,2025-04-07,B,Mandalay,Normal,Male,Home and lifestyle,193.2,1,9.66,202.86,Ewallet,193.2,9.66,6.2
INV-01650,2025-01-23,C,Naypyitaw,Member,Female,Electronic accessories,28.74,3,4.31,90.53,Cash,86.22,4.31,8.3
INV-01651,2025-04-16,B,Mandalay,Member,Female,Food and beverages,131.68,1,6.58,138.26,Cash,131.68,6.58,9.4
INV-01652,2025-05-29,A,Yangon,Member,Female,Health and beauty,181.84,6,54.55,1145.59,Cash,1091.04,54.55,6.2
INV-01653,2025-01-23,B,Mandalay,Normal,Female,Electronic accessories,36.92,4,7.38,155.06,Ewallet,147.68,7.38,7.4
INV-01654,2025-06-08,C,Naypyitaw,Normal,Male,Electronic accessories,188.65,5,47.16,990.41,Credit card,943.25,47.16,8.9
INV-01655,2025-05-23,B,Mandalay,Normal,Male,Electronic accessories,165.18,8,66.07,1387.51,Ewallet,1321.44,66.07,8.2
INV-01656,2025-12-23,A,Yangon,Member,Male,Sports and travel,34.49,4,6.9,144.86,Cash,137.96,6.9,5.0
INV-01657,2025-02-04,B,Mandalay,Normal,Female,Electronic accessories,112.02,3,16.8,352.86,Credit card,336.06,16.8,7.2
INV-01658,2025-10-19,B,Mandalay,Normal,Male,Home and lifestyle,30.61,2,3.06,64.28,Cash,61.22,3.06,7.3
INV-01659,2025-04-13,B,Mandalay,Normal,Female,Electronic accessories,108.46,1,5.42,113.88,Cash,108.46,5.42,4.7
INV-01660,2025-07-18,A,Yangon,Member,Female,Electronic accessories,25.89,2,2.59,54.37,Ewallet,51.78,2.59,6.2
INV-01661,2025-03-15,C,Naypyitaw,Member,Male,Sports and travel,123.43,1,6.17,129.6,Ewallet,123.43,6.17,5.9
INV-01662,2025-01-08,C,Naypyitaw,Member,Female,Electronic accessories,74.86,5,18.71,393.01,Credit card,374.3,18.71,5.2
INV-01663,2025-01-29,C,Naypyitaw,Member,Male,Sports and travel,82.21,5,20.55,431.6,Cash,411.05,20.55,7.8
INV-01664,2025-12-03,B,Mandalay,Member,Male,Fashion accessories,93.39,8,37.36,784.48,Ewallet,747.12,37.36,7.2
INV-01665,2025-03-24,C,Naypyitaw,Member,Male,Electronic accessories,113.95,6,34.19,717.89,Ewallet,683.7,34.19,4.4
INV-01666,2025-10-01,C,Naypyitaw,Normal,Female,Health and beauty,127.53,3,19.13,401.72,Cash,382.59,19.13,4.9
INV-01667,2025-12-17,A,Yangon,Member,Female,Electronic accessories,11.12,1,0.56,11.68,Ewallet,11.12,0.56,4.7
INV-01668,2025-11-18,A,Yangon,Member,Female,Health and beauty,117.09,2,11.71,245.89,Ewallet,234.18,11.71,7.9
INV-01669,2025-12-18,B,Mandalay,Normal,Female,Food and beverages,83.49,4,16.7,350.66,Credit card,333.96,16.7,9.9
INV-01670,2025-08-21,C,Naypyitaw,Normal,Female,Sports and travel,184.69,3,27.7,581.77,Cash,554.07,27.7,4.9
INV-01671,2025-03-31,C,Naypyitaw,Normal,Male,Sports and travel,199.84,3,29.98,629.5,Credit card,599.52,29.98,8.8
INV-01672,2025-01-22,A,Yangon,Member,Female,Sports and travel,87.97,9,39.59,831.32,Cash,791.73,39.59,9.0
INV-01673,2025-04-17,B,Mandalay,Normal,Female,Sports and travel,90.02,7,31.51,661.65,Credit card,630.14,31.51,9.7
INV-01674,2025-07-06,B,Mandalay,Member,Male,Home and lifestyle,71.94,7,25.18,528.76,Cash,503.58,25.18,5.3
INV-01675,2025-10-19,A,Yangon,Normal,Female,Electronic accessories,190.12,10,95.06,1996.26,Ewallet,1901.2,95.06,9.2
INV-01676,2025-07-11,B,Mandalay,Member,Female,Fashion accessories,68.31,7,23.91,502.08,Cash,478.17,23.91,7.3
INV-01677,2025-06-03,B,Mandalay,Member,Female,Food and beverages,88.3,4,17.66,370.86,Ewallet,353.2,17.66,9.3
INV-01678,2025-07-16,C,Naypyitaw,Member,Male,Food and beverages,92.04,8,36.82,773.14,Credit card,736.32,36.82,7.4
INV-01679,2025-05-20,A,Yangon,Normal,Male,Fashion accessories,139.32,3,20.9,438.86,Cash,417.96,20.9,6.5
INV-01680,2025-05-06,B,Mandalay,Normal,Male,Fashion accessories,34.81,8,13.92,292.4,Ewallet,278.48,13.92,4.6
INV-01681,2025-02-13,A,Yangon,Normal,Male,Health and beauty,11.65,1,0.58,12.23,Credit card,11.65,0.58,9.6
INV-01682,2025-04-14,B,Mandalay,Normal,Male,Fashion accessories,38.61,4,7.72,162.16,Credit card,154.44,7.72,7.7
INV-01683,2025-10-26,B,Mandalay,Normal,Female,Sports and travel,100.27,3,15.04,315.85,Cash,300.81,15.04,8.8
INV-01684,2025-03-19,A,Yangon,Normal,Male,Electronic accessories,88.89,9,40.0,840.01,Ewallet,800.01,40.0,7.3
INV-01685,2025-12-25,B,Mandalay,Member,Male,Home and lifestyle,141.09,4,28.22,592.58,Credit card,564.36,28.22,4.6
INV-01686,2025-03-11,A,Yangon,Member,Male,Sports and travel,99.83,8,39.93,838.57,Ewallet,798.64,39.93,8.1
INV-01687,2025-08-14,B,Mandalay,Member,Female,Food and beverages,118.66,8,47.46,996.74,Ewallet,949.28,47.46,7.4
INV-01688,2025-02-13,B,Mandalay,Normal,Female,Home and lifestyle,23.09,3,3.46,72.73,Cash,69.27,3.46,4.7
INV-01689,2025-04-11,C,Naypyitaw,Normal,Female,Fashion accessories,70.93,2,7.09,148.95,Cash,141.86,7.09,7.7
INV-01690,2025-08-02,C,Naypyitaw,Member,Female,Electronic accessories,79.39,5,19.85,416.8,Ewallet,396.95,19.85,9.4
INV-01691,2025-09-08,A,Yangon,Member,Female,Home and lifestyle,182.11,1,9.11,191.22,Credit card,182.11,9.11,6.7
INV-01692,2025-06-22,B,Mandalay,Member,Female,Health and beauty,61.84,8,24.74,519.46,Ewallet,494.72,24.74,4.2
INV-01693,2025-01-06,C,Naypyitaw,Normal,Male,Fashion accessories,118.99,5,29.75,624.7,Credit card,594.95,29.75,6.3
INV-01694,2025-12-22,A,Yangon,Normal,Female,Fashion accessories,61.35,7,21.47,450.92,Ewallet,429.45,21.47,9.1
INV-01695,2025-07-28,B,Mandalay,Normal,Male,Fashion accessories,75.0,6,22.5,472.5,Credit card,450.0,22.5,5.7
INV-01696,2025-08-19,A,Yangon,Member,Male,Fashion accessories,26.11,6,7.83,164.49,Cash,156.66,7.83,8.8
INV-01697,2025-05-05,A,Yangon,Member,Male,Health and beauty,43.65,2,4.37,91.67,Cash,87.3,4.37,9.2
INV-01698,2025-01-07,A,Yangon,Member,Male,Fashion accessories,163.33,10,81.67,1714.97,Ewallet,1633.3,81.67,7.8
INV-01699,2025-11-20,B,Mandalay,Member,Male,Home and lifestyle,159.37,2,15.94,334.68,Ewallet,318.74,15.94,4.8
INV-01700,2025-02-11,C,Naypyitaw,Member,Female,Electronic accessories,27.42,2,2.74,57.58,Ewallet,54.84,2.74,5.4
INV-01701,2025-02-10,A,Yangon,Member,Female,Sports and travel,70.88,9,31.9,669.82,Cash,637.92,31.9,8.2
INV-01702,2025-11-06,B,Mandalay,Member,Female,Fashion accessories,45.35,5,11.34,238.09,Cash,226.75,11.34,7.0
INV-01703,2025-04-01,A,Yangon,Member,Male,Electronic accessories,60.02,9,27.01,567.19,Ewallet,540.18,27.01,8.6
INV-01704,2025-04-06,A,Yangon,Member,Female,Home and lifestyle,153.69,4,30.74,645.5,Ewallet,614.76,30.74,9.0
INV-01705,2025-11-04,B,Mandalay,Member,Female,Sports and travel,106.26,5,26.57,557.87,Credit card,531.3,26.57,8.9
INV-01706,2025-05-04,C,Naypyitaw,Normal,Male,Food and beverages,11.33,5,2.83,59.48,Cash,56.65,2.83,4.4
INV-01707,2025-06-26,B,Mandalay,Member,Female,Fashion accessories,21.48,7,7.52,157.88,Cash,150.36,7.52,9.9
INV-01708,2025-02-15,C,Naypyitaw,Member,Female,Home and lifestyle,121.75,6,36.52,767.02,Ewallet,730.5,36.52,9.0
INV-01709,2025-07-03,B,Mandalay,Normal,Female,Fashion accessories,164.08,6,49.22,1033.7,Credit card,984.48,49.22,5.9
INV-01710,2025-04-08,C,Naypyitaw,Normal,Female,Electronic accessories,121.57,1,6.08,127.65,Credit card,121.57,6.08,9.3
INV-01711,2025-07-26,B,Mandalay,Normal,Male,Sports and travel,175.05,8,70.02,1470.42,Cash,1400.4,70.02,8.4
INV-01712,2025-08-03,B,Mandalay,Normal,Male,Health and beauty,175.94,6,52.78,1108.42,Credit card,1055.64,52.78,6.2
INV-01713,2025-12-05,B,Mandalay,Member,Male,Electronic accessories,38.7,3,5.81,121.91,Cash,116.1,5.81,6.3
INV-01714,2025-05-19,A,Yangon,Normal,Male,Home and lifestyle,47.57,8,19.03,399.59,Credit card,380.56,19.03,9.0
INV-01715,2025-05-23,C,Naypyitaw,Normal,Female,Electronic accessories,46.09,10,23.05,483.95,Credit card,460.9,23.05,9.7
INV-01716,2025-09-07,A,Yangon,Member,Female,Fashion accessories,21.35,2,2.14,44.84,Ewallet,42.7,2.14,6.9
INV-01717,2025-03-14,B,Mandalay,Member,Female,Electronic accessories,108.56,8,43.42,911.9,Credit card,868.48,43.42,4.1
INV-01718,2025-11-20,B,Mandalay,Normal,Male,Electronic accessories,74.33,5,18.58,390.23,Ewallet,371.65,18.58,4.8
INV-01719,2025-06-24,B,Mandalay,Normal,Female,Fashion accessories,80.94,3,12.14,254.96,Cash,242.82,12.14,4.1
INV-01720,2025-08-02,B,Mandalay,Member,Female,Electronic accessories,49.8,6,14.94,313.74,Ewallet,298.8,14.94,9.5
INV-01721,2025-05-24,B,Mandalay,Member,Male,Food and beverages,74.74,6,22.42,470.86,Credit card,448.44,22.42,8.7
INV-01722,2025-04-28,C,Naypyitaw,Member,Female,Fashion accessories,122.64,4,24.53,515.09,Ewallet,490.56,24.53,6.8
INV-01723,2025-06-10,A,Yangon,Member,Female,Food and beverages,177.34,7,62.07,1303.45,Cash,1241.38,62.07,7.2
INV-01724,2025-11-05,B,Mandalay,Normal,Male,Fashion accessories,60.54,8,24.22,508.54,Credit card,484.32,24.22,8.3
INV-01725,2025-01-31,B,Mandalay,Normal,Female,Sports and travel,56.85,1,2.84,59.69,Ewallet,56.85,2.84,6.9
INV-01726,2025-05-20,A,Yangon,Member,Male,Home and lifestyle,102.09,6,30.63,643.17,Ewallet,612.54,30.63,7.6
INV-01727,2025-02-01,B,Mandalay,Normal,Male,Fashion accessories,178.11,9,80.15,1683.14,Credit card,1602.99,80.15,6.5
INV-01728,2025-06-02,A,Yangon,Member,Male,Home and lifestyle,48.81,5,12.2,256.25,Ewallet,244.05,12.2,7.9
INV-01729,2025-02-10,B,Mandalay,Normal,Female,Home and lifestyle,98.34,3,14.75,309.77,Ewallet,295.02,14.75,4.9
INV-01730,2025-06-10,B,Mandalay,Normal,Male,Health and beauty,188.01,8,75.2,1579.28,Ewallet,1504.08,75.2,7.6
INV-01731,2025-03-25,B,Mandalay,Member,Male,Food and beverages,34.42,1,1.72,36.14,Credit card,34.42,1.72,7.3
INV-01732,2025-03-14,B,Mandalay,Member,Female,Home and lifestyle,168.04,7,58.81,1235.09,Ewallet,1176.28,58.81,5.9
INV-01733,2025-06-17,A,Yangon,Normal,Female,Food and beverages,168.85,1,8.44,177.29,Ewallet,168.85,8.44,8.5
INV-01734,2025-09-19,A,Yangon,Normal,Male,Health and beauty,147.33,3,22.1,464.09,Cash,441.99,22.1,4.8
INV-01735,2025-09-25,A,Yangon,Member,Female,Electronic accessories,188.62,4,37.72,792.2,Credit card,754.48,37.72,6.0
INV-01736,2025-06-25,B,Mandalay,Member,Female,Health and beauty,103.57,9,46.61,978.74,Ewallet,932.13,46.61,8.7
INV-01737,2025-03-21,C,Naypyitaw,Normal,Male,Food and beverages,166.34,4,33.27,698.63,Cash,665.36,33.27,8.6
INV-01738,2025-04-27,B,Mandalay,Member,Male,Electronic accessories,20.74,9,9.33,195.99,Ewallet,186.66,9.33,9.1
INV-01739,2025-09-03,A,Yangon,Member,Male,Health and beauty,18.01,4,3.6,75.64,Ewallet,72.04,3.6,5.9
INV-01740,2025-11-21,B,Mandalay,Normal,Female,Fashion accessories,85.2,9,38.34,805.14,Cash,766.8,38.34,8.0
INV-01741,2025-08-01,C,Naypyitaw,Member,Male,Food and beverages,22.91,4,4.58,96.22,Cash,91.64,4.58,7.5
INV-01742,2025-06-28,A,Yangon,Member,Female,Fashion accessories,25.32,6,7.6,159.52,Cash,151.92,7.6,4.9
INV-01743,2025-11-18,A,Yangon,Normal,Female,Fashion accessories,128.33,5,32.08,673.73,Cash,641.65,32.08,9.0
INV-01744,2025-05-12,C,Naypyitaw,Normal,Male,Home and lifestyle,47.2,5,11.8,247.8,Ewallet,236.0,11.8,5.7
INV-01745,2025-08-17,A,Yangon,Normal,Male,Food and beverages,193.87,9,87.24,1832.07,Cash,1744.83,87.24,4.7
INV-01746,2025-02-24,B,Mandalay,Member,Female,Fashion accessories,187.29,4,37.46,786.62,Ewallet,749.16,37.46,8.0
INV-01747,2025-06-05,C,Naypyitaw,Normal,Male,Home and lifestyle,98.12,4,19.62,412.1,Ewallet,392.48,19.62,4.1
INV-01748,2025-04-21,A,Yangon,Normal,Female,Electronic accessories,173.47,4,34.69,728.57,Ewallet,693.88,34.69,6.0
INV-01749,2025-11-05,B,Mandalay,Normal,Male,Electronic accessories,184.96,8,73.98,1553.66,Cash,1479.68,73.98,7.7
INV-01750,2025-01-16,A,Yangon,Normal,Male,Food and beverages,19.51,1,0.98,20.49,Credit card,19.51,0.98,6.7
INV-01751,2025-10-18,C,Naypyitaw,Member,Male,Electronic accessories,28.47,6,8.54,179.36,Credit card,170.82,8.54,8.5
INV-01752,2025-02-08,B,Mandalay,Normal,Male,Home and lifestyle,89.32,1,4.47,93.79,Cash,89.32,4.47,5.8
INV-01753,2025-08-22,B,Mandalay,Normal,Male,Electronic accessories,32.86,1,1.64,34.5,Cash,32.86,1.64,4.7
INV-01754,2025-05-01,C,Naypyitaw,Normal,Female,Sports and travel,175.26,10,87.63,1840.23,Cash,1752.6,87.63,8.2
INV-01755,2025-02-02,B,Mandalay,Member,Female,Fashion accessories,141.44,4,28.29,594.05,Ewallet,565.76,28.29,6.3
INV-01756,2025-09-12,A,Yangon,Member,Male,Sports and travel,167.79,7,58.73,1233.26,Ewallet,1174.53,58.73,9.4
INV-01757,2025-02-02,C,Naypyitaw,Member,Female,Home and lifestyle,144.88,8,57.95,1216.99,Cash,1159.04,57.95,8.0
INV-01758,2025-05-01,A,Yangon,Member,Female,Fashion accessories,95.12,1,4.76,99.88,Ewallet,95.12,4.76,9.7
INV-01759,2025-04-29,B,Mandalay,Normal,Female,Fashion accessories,171.21,1,8.56,179.77,Cash,171.21,8.56,7.6
INV-01760,2025-08-30,B,Mandalay,Member,Female,Food and beverages,41.14,6,12.34,259.18,Ewallet,246.84,12.34,7.8
INV-01761,2025-03-31,B,Mandalay,Normal,Female,Food and beverages,86.34,8,34.54,725.26,Cash,690.72,34.54,8.9
INV-01762,2025-12-12,B,Mandalay,Member,Female,Food and beverages,87.49,7,30.62,643.05,Cash,612.43,30.62,6.0
INV-01763,2025-11-27,B,Mandalay,Member,Male,Sports and travel,95.65,9,43.04,903.89,Credit card,860.85,43.04,7.0
INV-01764,2025-03-16,C,Naypyitaw,Member,Male,Food and beverages,74.91,3,11.24,235.97,Ewallet,224.73,11.24,6.4
INV-01765,2025-02-27,B,Mandalay,Member,Male,Food and beverages,113.36,9,51.01,1071.25,Credit card,1020.24,51.01,9.6
INV-01766,2025-03-26,C,Naypyitaw,Normal,Male,Fashion accessories,53.09,6,15.93,334.47,Credit card,318.54,15.93,8.4
INV-01767,2025-10-08,B,Mandalay,Member,Female,Sports and travel,109.39,7,38.29,804.02,Ewallet,765.73,38.29,6.4
INV-01768,2025-04-26,A,Yangon,Member,Male,Fashion accessories,132.34,3,19.85,416.87,Ewallet,397.02,19.85,8.8
INV-01769,2025-03-15,B,Mandalay,Member,Female,Health and beauty,142.04,5,35.51,745.71,Credit card,710.2,35.51,9.0
INV-01770,2025-11-23,C,Naypyitaw,Member,Male,Health and beauty,190.79,4,38.16,801.32,Cash,763.16,38.16,5.8
INV-01771,2025-04-06,A,Yangon,Normal,Male,Fashion accessories,23.55,5,5.89,123.64,Credit card,117.75,5.89,9.7
INV-01772,2025-07-26,C,Naypyitaw,Normal,Female,Health and beauty,142.59,5,35.65,748.6,Credit card,712.95,35.65,5.3
INV-01773,2025-11-14,B,Mandalay,Member,Female,Food and beverages,184.72,10,92.36,1939.56,Cash,1847.2,92.36,7.0
INV-01774,2025-01-16,B,Mandalay,Member,Female,Home and lifestyle,143.12,7,50.09,1051.93,Ewallet,1001.84,50.09,7.5
INV-01775,2025-12-17,B,Mandalay,Member,Female,Sports and travel,198.98,7,69.64,1462.5,Cash,1392.86,69.64,6.8
INV-01776,2025-02-17,C,Naypyitaw,Normal,Female,Health and beauty,56.62,2,5.66,118.9,Ewallet,113.24,5.66,6.0
INV-01777,2025-08-29,C,Naypyitaw,Normal,Male,Health and beauty,71.35,9,32.11,674.26,Ewallet,642.15,32.11,6.5
INV-01778,2025-12-17,A,Yangon,Normal,Male,Electronic accessories,122.75,1,6.14,128.89,Ewallet,122.75,6.14,5.1
INV-01779,2025-12-23,B,Mandalay,Member,Female,Food and beverages,83.75,9,37.69,791.44,Ewallet,753.75,37.69,4.7
INV-01780,2025-09-09,C,Naypyitaw,Member,Male,Electronic accessories,181.43,5,45.36,952.51,Credit card,907.15,45.36,7.6
INV-01781,2025-02-26,B,Mandalay,Member,Female,Fashion accessories,39.41,2,3.94,82.76,Credit card,78.82,3.94,5.5
INV-01782,2025-12-01,B,Mandalay,Normal,Male,Electronic accessories,156.77,1,7.84,164.61,Cash,156.77,7.84,6.0
INV-01783,2025-10-26,C,Naypyitaw,Member,Male,Sports and travel,53.46,8,21.38,449.06,Cash,427.68,21.38,4.8
INV-01784,2025-11-06,C,Naypyitaw,Normal,Female,Food and beverages,14.5,8,5.8,121.8,Cash,116.0,5.8,8.3
INV-01785,2025-07-08,C,Naypyitaw,Normal,Male,Fashion accessories,113.26,7,39.64,832.46,Credit card,792.82,39.64,6.6
INV-01786,2025-08-05,C,Naypyitaw,Normal,Female,Health and beauty,22.38,5,5.59,117.49,Credit card,111.9,5.59,7.0
INV-01787,2025-03-12,A,Yangon,Member,Male,Health and beauty,14.58,2,1.46,30.62,Credit card,29.16,1.46,8.0
INV-01788,2025-07-11,C,Naypyitaw,Member,Female,Food and beverages,59.97,2,6.0,125.94,Cash,119.94,6.0,7.4
INV-01789,2025-04-14,A,Yangon,Member,Female,Electronic accessories,67.07,7,23.47,492.96,Cash,469.49,23.47,7.1
INV-01790,2025-02-27,A,Yangon,Member,Female,Food and beverages,136.52,10,68.26,1433.46,Cash,1365.2,68.26,5.9
INV-01791,2025-09-03,A,Yangon,Normal,Female,Electronic accessories,45.85,8,18.34,385.14,Cash,366.8,18.34,4.6
INV-01792,2025-10-11,B,Mandalay,Member,Male,Fashion accessories,129.14,2,12.91,271.19,Ewallet,258.28,12.91,4.9
INV-01793,2025-09-02,A,Yangon,Member,Male,Food and beverages,198.07,2,19.81,415.95,Ewallet,396.14,19.81,8.5
INV-01794,2025-07-05,C,Naypyitaw,Member,Female,Electronic accessories,167.32,7,58.56,1229.8,Cash,1171.24,58.56,9.2
INV-01795,2025-01-15,B,Mandalay,Normal,Female,Electronic accessories,137.61,6,41.28,866.94,Ewallet,825.66,41.28,9.0
INV-01796,2025-03-07,A,Yangon,Normal,Male,Sports and travel,126.83,9,57.07,1198.54,Cash,1141.47,57.07,7.6
INV-01797,2025-09-12,B,Mandalay,Normal,Male,Health and beauty,92.22,1,4.61,96.83,Ewallet,92.22,4.61,4.5
INV-01798,2025-11-25,A,Yangon,Normal,Female,Health and beauty,80.21,7,28.07,589.54,Ewallet,561.47,28.07,8.8
INV-01799,2025-06-05,B,Mandalay,Normal,Female,Food and beverages,125.01,5,31.25,656.3,Credit card,625.05,31.25,8.5
INV-01800,2025-10-29,C,Naypyitaw,Member,Female,Fashion accessories,116.44,10,58.22,1222.62,Credit card,1164.4,58.22,4.5
INV-01801,2025-06-25,B,Mandalay,Normal,Female,Food and beverages,108.23,2,10.82,227.28,Credit card,216.46,10.82,9.2
INV-01802,2025-09-20,C,Naypyitaw,Member,Male,Electronic accessories,69.48,6,20.84,437.72,Credit card,416.88,20.84,9.8
INV-01803,2025-06-21,A,Yangon,Normal,Female,Food and beverages,138.46,5,34.62,726.92,Ewallet,692.3,34.62,8.0
INV-01804,2025-03-13,C,Naypyitaw,Normal,Male,Fashion accessories,66.05,6,19.81,416.11,Credit card,396.3,19.81,7.5
INV-01805,2025-03-02,A,Yangon,Member,Male,Fashion accessories,147.32,5,36.83,773.43,Ewallet,736.6,36.83,8.7
INV-01806,2025-04-04,B,Mandalay,Member,Female,Fashion accessories,163.82,6,49.15,1032.07,Credit card,982.92,49.15,8.3
INV-01807,2025-08-24,C,Naypyitaw,Member,Female,Food and beverages,74.87,5,18.72,393.07,Cash,374.35,18.72,9.8
INV-01808,2025-07-21,C,Naypyitaw,Normal,Female,Health and beauty,22.64,5,5.66,118.86,Ewallet,113.2,5.66,7.5
INV-01809,2025-09-19,B,Mandalay,Member,Female,Food and beverages,89.89,5,22.47,471.92,Ewallet,449.45,22.47,9.9
INV-01810,2025-02-25,C,Naypyitaw,Member,Male,Sports and travel,93.06,6,27.92,586.28,Cash,558.36,27.92,4.7
INV-01811,2025-01-22,A,Yangon,Normal,Male,Health and beauty,62.7,9,28.22,592.52,Cash,564.3,28.22,9.6
INV-01812,2025-08-05,C,Naypyitaw,Member,Male,Electronic accessories,17.59,10,8.79,184.69,Cash,175.9,8.79,6.0
INV-01813,2025-05-22,C,Naypyitaw,Member,Female,Home and lifestyle,91.66,4,18.33,384.97,Ewallet,366.64,18.33,6.1
INV-01814,2025-03-19,A,Yangon,Member,Male,Health and beauty,115.2,6,34.56,725.76,Credit card,691.2,34.56,5.2
INV-01815,2025-01-09,C,Naypyitaw,Normal,Female,Electronic accessories,27.32,10,13.66,286.86,Cash,273.2,13.66,4.6
INV-01816,2025-04-24,B,Mandalay,Member,Male,Electronic accessories,97.31,3,14.6,306.53,Credit card,291.93,14.6,4.6
INV-01817,2025-12-10,A,Yangon,Normal,Female,Home and lifestyle,92.69,10,46.34,973.24,Cash,926.9,46.34,5.4
INV-01818,2025-07-29,A,Yangon,Normal,Female,Fashion accessories,94.39,3,14.16,297.33,Cash,283.17,14.16,7.2
INV-01819,2025-04-16,B,Mandalay,Normal,Female,Fashion accessories,103.39,9,46.53,977.04,Cash,930.51,46.53,7.0
INV-01820,2025-07-18,C,Naypyitaw,Member,Male,Sports and travel,125.25,6,37.58,789.08,Ewallet,751.5,37.58,9.0
INV-01821,2025-07-13,C,Naypyitaw,Member,Female,Electronic accessories,159.73,4,31.95,670.87,Credit card,638.92,31.95,6.4
INV-01822,2025-05-29,A,Yangon,Member,Male,Electronic accessories,82.09,8,32.84,689.56,Ewallet,656.72,32.84,8.2
INV-01823,2025-01-12,B,Mandalay,Normal,Male,Sports and travel,118.61,6,35.58,747.24,Credit card,711.66,35.58,6.6
INV-01824,2025-08-06,B,Mandalay,Member,Female,Health and beauty,93.1,6,27.93,586.53,Credit card,558.6,27.93,9.5
INV-01825,2025-09-03,B,Mandalay,Member,Male,Electronic accessories,42.02,10,21.01,441.21,Credit card,420.2,21.01,6.2
INV-01826,2025-02-16,A,Yangon,Member,Female,Fashion accessories,184.01,2,18.4,386.42,Cash,368.02,18.4,7.2
INV-01827,2025-08-20,B,Mandalay,Normal,Male,Electronic accessories,65.7,7,23.0,482.9,Cash,459.9,23.0,6.5
INV-01828,2025-09-24,A,Yangon,Member,Male,Health and beauty,54.04,2,5.4,113.48,Credit card,108.08,5.4,7.3
INV-01829,2025-03-27,B,Mandalay,Member,Male,Electronic accessories,13.26,4,2.65,55.69,Cash,53.04,2.65,5.6
INV-01830,2025-10-01,A,Yangon,Normal,Male,Health and beauty,158.02,9,71.11,1493.29,Cash,1422.18,71.11,7.2
INV-01831,2025-05-06,A,Yangon,Normal,Male,Health and beauty,71.84,3,10.78,226.3,Ewallet,215.52,10.78,7.0
INV-01832,2025-07-21,A,Yangon,Member,Male,Electronic accessories,41.73,8,16.69,350.53,Cash,333.84,16.69,9.2
INV-01833,2025-10-21,B,Mandalay,Member,Male,Home and lifestyle,97.86,8,39.14,822.02,Ewallet,782.88,39.14,5.5
INV-01834,2025-11-07,C,Naypyitaw,Member,Male,Health and beauty,22.74,7,7.96,167.14,Credit card,159.18,7.96,6.8
INV-01835,2025-12-13,B,Mandalay,Normal,Female,Sports and travel,114.56,7,40.1,842.02,Ewallet,801.92,40.1,7.5
INV-01836,2025-07-27,C,Naypyitaw,Member,Female,Home and lifestyle,109.46,7,38.31,804.53,Cash,766.22,38.31,8.8
INV-01837,2025-02-07,A,Yangon,Member,Female,Food and beverages,199.0,5,49.75,1044.75,Credit card,995.0,49.75,6.3
INV-01838,2025-01-13,B,Mandalay,Member,Female,Home and lifestyle,102.57,1,5.13,107.7,Ewallet,102.57,5.13,8.5
INV-01839,2025-10-30,B,Mandalay,Normal,Male,Fashion accessories,36.57,5,9.14,191.99,Cash,182.85,9.14,4.1
INV-01840,2025-08-13,A,Yangon,Normal,Female,Home and lifestyle,102.49,8,41.0,860.92,Cash,819.92,41.0,6.8
INV-01841,2025-01-27,B,Mandalay,Normal,Female,Electronic accessories,190.07,2,19.01,399.15,Cash,380.14,19.01,6.1
INV-01842,2025-12-01,B,Mandalay,Normal,Female,Sports and travel,24.84,5,6.21,130.41,Cash,124.2,6.21,9.6
INV-01843,2025-02-04,B,Mandalay,Member,Male,Home and lifestyle,72.98,5,18.25,383.15,Cash,364.9,18.25,4.9
INV-01844,2025-10-15,C,Naypyitaw,Member,Female,Home and lifestyle,21.38,9,9.62,202.04,Cash,192.42,9.62,6.7
INV-01845,2025-11-10,B,Mandalay,Normal,Female,Sports and travel,75.92,6,22.78,478.3,Cash,455.52,22.78,8.8
INV-01846,2025-03-05,C,Naypyitaw,Member,Male,Sports and travel,154.11,7,53.94,1132.71,Cash,1078.77,53.94,9.6
INV-01847,2025-06-19,B,Mandalay,Member,Male,Fashion accessories,145.71,5,36.43,764.98,Cash,728.55,36.43,4.6
INV-01848,2025-05-22,B,Mandalay,Normal,Male,Sports and travel,51.85,1,2.59,54.44,Cash,51.85,2.59,5.2
INV-01849,2025-04-10,C,Naypyitaw,Normal,Female,Sports and travel,161.9,3,24.29,509.99,Cash,485.7,24.29,4.0
INV-01850,2025-03-25,A,Yangon,Member,Male,Health and beauty,60.45,8,24.18,507.78,Credit card,483.6,24.18,9.5
INV-01851,2025-12-11,A,Yangon,Normal,Female,Sports and travel,31.71,8,12.68,266.36,Credit card,253.68,12.68,9.7
INV-01852,2025-10-23,B,Mandalay,Normal,Male,Food and beverages,114.11,6,34.23,718.89,Ewallet,684.66,34.23,8.1
INV-01853,2025-10-29,C,Naypyitaw,Member,Male,Food and beverages,139.69,10,69.85,1466.75,Cash,1396.9,69.85,6.6
INV-01854,2025-06-18,B,Mandalay,Member,Female,Food and beverages,67.11,7,23.49,493.26,Credit card,469.77,23.49,4.6
INV-01855,2025-10-12,A,Yangon,Member,Female,Electronic accessories,170.45,4,34.09,715.89,Cash,681.8,34.09,9.6
INV-01856,2025-10-05,C,Naypyitaw,Normal,Female,Food and beverages,78.97,7,27.64,580.43,Credit card,552.79,27.64,4.5
INV-01857,2025-11-16,A,Yangon,Normal,Male,Sports and travel,190.21,2,19.02,399.44,Credit card,380.42,19.02,6.4
INV-01858,2025-03-20,B,Mandalay,Normal,Female,Sports and travel,99.9,1,5.0,104.9,Cash,99.9,5.0,5.8
INV-01859,2025-09-09,B,Mandalay,Normal,Male,Sports and travel,121.8,7,42.63,895.23,Credit card,852.6,42.63,5.5
INV-01860,2025-06-22,A,Yangon,Normal,Male,Electronic accessories,123.62,10,61.81,1298.01,Cash,1236.2,61.81,4.5
INV-01861,2025-01-05,C,Naypyitaw,Member,Male,Electronic accessories,112.67,8,45.07,946.43,Cash,901.36,45.07,4.0
INV-01862,2025-01-17,A,Yangon,Normal,Male,Electronic accessories,65.37,6,19.61,411.83,Cash,392.22,19.61,5.0
INV-01863,2025-06-19,B,Mandalay,Member,Male,Health and beauty,17.4,10,8.7,182.7,Ewallet,174.0,8.7,4.0
INV-01864,2025-03-29,A,Yangon,Member,Female,Sports and travel,166.6,8,66.64,1399.44,Ewallet,1332.8,66.64,5.7
INV-01865,2025-02-06,C,Naypyitaw,Normal,Female,Food and beverages,64.04,2,6.4,134.48,Cash,128.08,6.4,7.9
INV-01866,2025-09-21,C,Naypyitaw,Normal,Male,Health and beauty,104.32,4,20.86,438.14,Credit card,417.28,20.86,9.1
INV-01867,2025-03-25,C,Naypyitaw,Normal,Female,Fashion accessories,99.81,8,39.92,838.4,Credit card,798.48,39.92,7.9
INV-01868,2025-08-03,B,Mandalay,Normal,Male,Electronic accessories,160.91,5,40.23,844.78,Cash,804.55,40.23,6.8
INV-01869,2025-03-21,C,Naypyitaw,Member,Male,Health and beauty,25.1,10,12.55,263.55,Cash,251.0,12.55,10.0
INV-01870,2025-03-18,A,Yangon,Normal,Male,Fashion accessories,23.95,6,7.18,150.88,Ewallet,143.7,7.18,6.9
INV-01871,2025-03-04,B,Mandalay,Normal,Male,Fashion accessories,136.97,9,61.64,1294.37,Credit card,1232.73,61.64,7.9
INV-01872,2025-03-22,B,Mandalay,Member,Male,Sports and travel,46.38,2,4.64,97.4,Credit card,92.76,4.64,6.3
INV-01873,2025-08-26,B,Mandalay,Normal,Male,Fashion accessories,193.64,6,58.09,1219.93,Credit card,1161.84,58.09,8.5
INV-01874,2025-08-05,C,Naypyitaw,Member,Male,Fashion accessories,69.81,10,34.91,733.01,Cash,698.1,34.91,9.7
INV-01875,2025-02-17,B,Mandalay,Member,Male,Sports and travel,176.35,6,52.91,1111.01,Cash,1058.1,52.91,5.4
INV-01876,2025-09-11,C,Naypyitaw,Normal,Male,Home and lifestyle,182.39,3,27.36,574.53,Cash,547.17,27.36,7.8
INV-01877,2025-06-25,C,Naypyitaw,Member,Female,Food and beverages,80.87,1,4.04,84.91,Ewallet,80.87,4.04,5.2
INV-01878,2025-06-20,A,Yangon,Normal,Female,Fashion accessories,135.15,9,60.82,1277.17,Ewallet,1216.35,60.82,10.0
INV-01879,2025-11-10,C,Naypyitaw,Normal,Female,Electronic accessories,92.64,1,4.63,97.27,Ewallet,92.64,4.63,10.0
INV-01880,2025-01-23,B,Mandalay,Member,Female,Home and lifestyle,73.2,7,25.62,538.02,Credit card,512.4,25.62,9.6
INV-01881,2025-10-20,C,Naypyitaw,Member,Female,Electronic accessories,185.39,10,92.69,1946.59,Credit card,1853.9,92.69,5.8
INV-01882,2025-01-20,C,Naypyitaw,Normal,Female,Electronic accessories,137.0,10,68.5,1438.5,Credit card,1370.0,68.5,4.0
INV-01883,2025-01-21,A,Yangon,Member,Female,Electronic accessories,190.88,8,76.35,1603.39,Cash,1527.04,76.35,6.6
INV-01884,2025-05-21,A,Yangon,Normal,Male,Food and beverages,164.74,9,74.13,1556.79,Ewallet,1482.66,74.13,9.2
INV-01885,2025-11-24,C,Naypyitaw,Normal,Male,Home and lifestyle,156.09,1,7.8,163.89,Ewallet,156.09,7.8,8.0
INV-01886,2025-03-01,B,Mandalay,Normal,Male,Electronic accessories,185.87,7,65.05,1366.14,Ewallet,1301.09,65.05,7.9
INV-01887,2025-12-17,A,Yangon,Normal,Male,Sports and travel,25.14,4,5.03,105.59,Cash,100.56,5.03,4.8
INV-01888,2025-05-13,C,Naypyitaw,Normal,Male,Electronic accessories,134.92,5,33.73,708.33,Credit card,674.6,33.73,5.2
INV-01889,2025-07-05,A,Yangon,Normal,Male,Health and beauty,155.37,5,38.84,815.69,Cash,776.85,38.84,9.9
INV-01890,2025-01-02,A,Yangon,Member,Male,Electronic accessories,22.54,5,5.63,118.33,Credit card,112.7,5.63,6.0
INV-01891,2025-10-01,C,Naypyitaw,Normal,Male,Sports and travel,107.05,8,42.82,899.22,Credit card,856.4,42.82,8.7
INV-01892,2025-04-01,B,Mandalay,Normal,Male,Sports and travel,163.25,9,73.46,1542.71,Ewallet,1469.25,73.46,8.8
INV-01893,2025-02-02,A,Yangon,Member,Female,Electronic accessories,37.7,3,5.66,118.76,Ewallet,113.1,5.66,6.1
INV-01894,2025-07-19,B,Mandalay,Normal,Male,Sports and travel,29.68,9,13.36,280.48,Cash,267.12,13.36,5.1
INV-01895,2025-09-05,C,Naypyitaw,Member,Female,Food and beverages,152.07,2,15.21,319.35,Ewallet,304.14,15.21,8.6
INV-01896,2025-06-14,B,Mandalay,Member,Female,Fashion accessories,80.09,1,4.0,84.09,Cash,80.09,4.0,4.0
INV-01897,2025-01-09,B,Mandalay,Normal,Male,Fashion accessories,187.44,6,56.23,1180.87,Credit card,1124.64,56.23,9.2
INV-01898,2025-03-10,A,Yangon,Member,Male,Health and beauty,122.98,9,55.34,1162.16,Credit card,1106.82,55.34,7.0
INV-01899,2025-06-24,C,Naypyitaw,Normal,Male,Health and beauty,128.74,1,6.44,135.18,Credit card,128.74,6.44,7.2
INV-01900,2025-05-31,B,Mandalay,Normal,Male,Health and beauty,173.14,1,8.66,181.8,Ewallet,173.14,8.66,5.5
INV-01901,2025-03-20,B,Mandalay,Member,Female,Home and lifestyle,74.59,7,26.11,548.24,Cash,522.13,26.11,7.0
INV-01902,2025-06-03,C,Naypyitaw,Normal,Male,Sports and travel,14.32,5,3.58,75.18,Ewallet,71.6,3.58,4.6
INV-01903,2025-09-26,A,Yangon,Normal,Male,Food and beverages,123.91,2,12.39,260.21,Cash,247.82,12.39,9.8
INV-01904,2025-06-12,B,Mandalay,Member,Male,Health and beauty,44.7,4,8.94,187.74,Cash,178.8,8.94,5.7
INV-01905,2025-10-05,C,Naypyitaw,Normal,Female,Health and beauty,164.2,9,73.89,1551.69,Cash,1477.8,73.89,9.4
INV-01906,2025-06-09,A,Yangon,Normal,Male,Sports and travel,27.66,6,8.3,174.26,Cash,165.96,8.3,4.4
INV-01907,2025-01-03,C,Naypyitaw,Normal,Female,Health and beauty,179.37,1,8.97,188.34,Credit card,179.37,8.97,7.3
INV-01908,2025-03-23,B,Mandalay,Member,Female,Food and beverages,188.53,4,37.71,791.83,Cash,754.12,37.71,5.1
INV-01909,2025-12-25,C,Naypyitaw,Normal,Male,Health and beauty,129.86,1,6.49,136.35,Ewallet,129.86,6.49,8.2
INV-01910,2025-12-16,A,Yangon,Member,Female,Food and beverages,55.33,7,19.37,406.68,Ewallet,387.31,19.37,8.8
INV-01911,2025-09-10,A,Yangon,Member,Female,Food and beverages,55.2,7,19.32,405.72,Cash,386.4,19.32,9.0
INV-01912,2025-06-26,B,Mandalay,Normal,Female,Electronic accessories,86.86,10,43.43,912.03,Credit card,868.6,43.43,5.5
INV-01913,2025-12-28,A,Yangon,Normal,Male,Sports and travel,58.45,10,29.23,613.73,Cash,584.5,29.23,6.4
INV-01914,2025-05-10,A,Yangon,Member,Male,Fashion accessories,34.36,3,5.15,108.23,Cash,103.08,5.15,8.3
INV-01915,2025-05-08,A,Yangon,Normal,Male,Fashion accessories,18.85,2,1.89,39.59,Cash,37.7,1.89,5.7
INV-01916,2025-10-22,A,Yangon,Member,Female,Health and beauty,133.85,2,13.38,281.08,Cash,267.7,13.38,6.0
INV-01917,2025-03-15,B,Mandalay,Normal,Female,Electronic accessories,147.62,2,14.76,310.0,Credit card,295.24,14.76,6.3
INV-01918,2025-12-15,C,Naypyitaw,Member,Male,Home and lifestyle,94.25,4,18.85,395.85,Credit card,377.0,18.85,6.1
INV-01919,2025-12-06,C,Naypyitaw,Normal,Male,Electronic accessories,103.08,5,25.77,541.17,Credit card,515.4,25.77,4.0
INV-01920,2025-03-23,B,Mandalay,Normal,Female,Health and beauty,158.46,1,7.92,166.38,Cash,158.46,7.92,6.5
INV-01921,2025-03-14,B,Mandalay,Member,Female,Home and lifestyle,63.07,7,22.07,463.56,Ewallet,441.49,22.07,4.4
INV-01922,2025-06-28,B,Mandalay,Member,Female,Home and lifestyle,132.41,8,52.96,1112.24,Credit card,1059.28,52.96,9.8
INV-01923,2025-03-24,B,Mandalay,Member,Male,Sports and travel,51.91,3,7.79,163.52,Ewallet,155.73,7.79,6.9
INV-01924,2025-10-10,A,Yangon,Member,Female,Food and beverages,131.96,3,19.79,415.67,Ewallet,395.88,19.79,6.2
INV-01925,2025-12-20,B,Mandalay,Normal,Female,Health and beauty,61.64,9,27.74,582.5,Cash,554.76,27.74,4.4
INV-01926,2025-05-04,A,Yangon,Member,Female,Home and lifestyle,57.9,4,11.58,243.18,Ewallet,231.6,11.58,4.0
INV-01927,2025-06-17,A,Yangon,Normal,Male,Fashion accessories,156.24,7,54.68,1148.36,Credit card,1093.68,54.68,5.2
INV-01928,2025-06-06,A,Yangon,Normal,Male,Fashion accessories,155.19,5,38.8,814.75,Ewallet,775.95,38.8,6.4
INV-01929,2025-10-17,C,Naypyitaw,Normal,Male,Food and beverages,77.81,7,27.23,571.9,Cash,544.67,27.23,5.9
INV-01930,2025-07-02,B,Mandalay,Normal,Female,Sports and travel,154.2,9,69.39,1457.19,Cash,1387.8,69.39,6.6
INV-01931,2025-01-09,C,Naypyitaw,Member,Male,Fashion accessories,24.49,10,12.24,257.14,Credit card,244.9,12.24,9.2
INV-01932,2025-08-28,A,Yangon,Member,Female,Sports and travel,111.65,2,11.17,234.47,Ewallet,223.3,11.17,4.8
INV-01933,2025-04-20,C,Naypyitaw,Normal,Male,Electronic accessories,80.47,1,4.02,84.49,Ewallet,80.47,4.02,6.5
INV-01934,2025-11-26,B,Mandalay,Member,Female,Food and beverages,179.06,4,35.81,752.05,Cash,716.24,35.81,7.7
INV-01935,2025-05-09,A,Yangon,Member,Female,Food and beverages,112.01,4,22.4,470.44,Ewallet,448.04,22.4,5.7
INV-01936,2025-12-03,A,Yangon,Member,Female,Fashion accessories,148.45,8,59.38,1246.98,Credit card,1187.6,59.38,4.6
INV-01937,2025-10-26,C,Naypyitaw,Member,Female,Electronic accessories,185.71,5,46.43,974.98,Ewallet,928.55,46.43,6.1
INV-01938,2025-08-20,B,Mandalay,Member,Male,Food and beverages,142.23,1,7.11,149.34,Ewallet,142.23,7.11,5.7
INV-01939,2025-03-22,A,Yangon,Member,Male,Electronic accessories,150.12,3,22.52,472.88,Cash,450.36,22.52,4.8
INV-01940,2025-02-01,B,Mandalay,Member,Male,Fashion accessories,95.4,10,47.7,1001.7,Cash,954.0,47.7,8.4
INV-01941,2025-04-15,C,Naypyitaw,Normal,Male,Home and lifestyle,129.15,5,32.29,678.04,Ewallet,645.75,32.29,4.4
INV-01942,2025-08-31,A,Yangon,Member,Male,Sports and travel,11.45,6,3.43,72.13,Ewallet,68.7,3.43,9.1
INV-01943,2025-02-25,B,Mandalay,Member,Male,Health and beauty,155.24,4,31.05,652.01,Credit card,620.96,31.05,4.7
INV-01944,2025-12-25,A,Yangon,Normal,Female,Electronic accessories,60.57,9,27.26,572.39,Cash,545.13,27.26,9.0
INV-01945,2025-09-30,C,Naypyitaw,Normal,Male,Fashion accessories,117.79,8,47.12,989.44,Ewallet,942.32,47.12,9.0
INV-01946,2025-05-23,B,Mandalay,Member,Male,Home and lifestyle,59.44,4,11.89,249.65,Credit card,237.76,11.89,5.8
INV-01947,2025-08-27,C,Naypyitaw,Member,Male,Health and beauty,176.2,2,17.62,370.02,Cash,352.4,17.62,8.4
INV-01948,2025-02-27,C,Naypyitaw,Member,Male,Food and beverages,101.07,10,50.53,1061.23,Ewallet,1010.7,50.53,5.1
INV-01949,2025-03-06,A,Yangon,Member,Male,Electronic accessories,182.52,9,82.13,1724.81,Ewallet,1642.68,82.13,7.3
INV-01950,2025-09-26,B,Mandalay,Normal,Male,Food and beverages,27.77,5,6.94,145.79,Cash,138.85,6.94,4.3
INV-01951,2025-04-16,B,Mandalay,Member,Male,Electronic accessories,162.55,4,32.51,682.71,Ewallet,650.2,32.51,6.7
INV-01952,2025-11-21,B,Mandalay,Normal,Male,Food and beverages,25.23,6,7.57,158.95,Ewallet,151.38,7.57,5.7
INV-01953,2025-01-16,B,Mandalay,Member,Male,Health and beauty,155.44,1,7.77,163.21,Cash,155.44,7.77,5.9
INV-01954,2025-11-23,C,Naypyitaw,Normal,Male,Food and beverages,25.4,4,5.08,106.68,Credit card,101.6,5.08,8.7
INV-01955,2025-11-28,C,Naypyitaw,Member,Male,Home and lifestyle,20.88,10,10.44,219.24,Credit card,208.8,10.44,5.9
INV-01956,2025-02-28,C,Naypyitaw,Normal,Male,Food and beverages,132.67,5,33.17,696.52,Cash,663.35,33.17,7.3
INV-01957,2025-11-04,A,Yangon,Normal,Female,Fashion accessories,119.51,8,47.8,1003.88,Ewallet,956.08,47.8,9.5
INV-01958,2025-03-19,A,Yangon,Member,Female,Electronic accessories,166.63,5,41.66,874.81,Credit card,833.15,41.66,6.8
INV-01959,2025-08-11,C,Naypyitaw,Member,Male,Sports and travel,14.99,10,7.5,157.4,Ewallet,149.9,7.5,5.6
INV-01960,2025-07-13,A,Yangon,Normal,Female,Home and lifestyle,130.97,2,13.1,275.04,Ewallet,261.94,13.1,4.9
INV-01961,2025-10-16,B,Mandalay,Normal,Male,Health and beauty,54.8,3,8.22,172.62,Credit card,164.4,8.22,6.2
INV-01962,2025-07-07,A,Yangon,Normal,Male,Home and lifestyle,166.1,10,83.05,1744.05,Ewallet,1661.0,83.05,8.3
INV-01963,2025-08-29,C,Naypyitaw,Normal,Female,Health and beauty,87.28,4,17.46,366.58,Ewallet,349.12,17.46,6.1
INV-01964,2025-11-16,A,Yangon,Member,Male,Fashion accessories,191.09,9,85.99,1805.8,Cash,1719.81,85.99,4.4
INV-01965,2025-03-04,A,Yangon,Member,Male,Sports and travel,58.03,9,26.11,548.38,Credit card,522.27,26.11,7.8
INV-01966,2025-11-26,B,Mandalay,Normal,Male,Electronic accessories,114.02,8,45.61,957.77,Ewallet,912.16,45.61,5.2
INV-01967,2025-04-07,C,Naypyitaw,Normal,Male,Food and beverages,133.07,7,46.57,978.06,Cash,931.49,46.57,8.0
INV-01968,2025-12-23,A,Yangon,Member,Female,Sports and travel,127.62,5,31.91,670.01,Credit card,638.1,31.91,5.8
INV-01969,2025-05-05,A,Yangon,Normal,Female,Sports and travel,153.73,3,23.06,484.25,Cash,461.19,23.06,4.6
INV-01970,2025-02-12,B,Mandalay,Normal,Female,Sports and travel,175.95,7,61.58,1293.23,Cash,1231.65,61.58,6.1
INV-01971,2025-05-29,B,Mandalay,Normal,Female,Health and beauty,45.45,4,9.09,190.89,Ewallet,181.8,9.09,8.1
INV-01972,2025-04-09,B,Mandalay,Normal,Female,Fashion accessories,14.42,2,1.44,30.28,Credit card,28.84,1.44,6.5
INV-01973,2025-05-29,B,Mandalay,Member,Male,Food and beverages,119.38,9,53.72,1128.14,Ewallet,1074.42,53.72,4.7
INV-01974,2025-10-12,A,Yangon,Normal,Female,Fashion accessories,105.18,3,15.78,331.32,Ewallet,315.54,15.78,9.8
INV-01975,2025-11-09,B,Mandalay,Member,Female,Fashion accessories,21.69,6,6.51,136.65,Ewallet,130.14,6.51,7.8
INV-01976,2025-05-03,B,Mandalay,Normal,Male,Electronic accessories,184.13,4,36.83,773.35,Ewallet,736.52,36.83,5.5
INV-01977,2025-12-29,B,Mandalay,Member,Male,Health and beauty,85.0,4,17.0,357.0,Cash,340.0,17.0,4.6
INV-01978,2025-08-21,C,Naypyitaw,Member,Male,Food and beverages,98.63,2,9.86,207.12,Cash,197.26,9.86,7.6
INV-01979,2025-12-14,C,Naypyitaw,Normal,Female,Electronic accessories,103.59,3,15.54,326.31,Cash,310.77,15.54,4.2
INV-01980,2025-01-18,B,Mandalay,Normal,Female,Fashion accessories,24.6,2,2.46,51.66,Credit card,49.2,2.46,4.6
INV-01981,2025-07-28,C,Naypyitaw,Member,Male,Food and beverages,146.85,9,66.08,1387.73,Cash,1321.65,66.08,5.3
INV-01982,2025-01-16,A,Yangon,Member,Male,Food and beverages,30.28,7,10.6,222.56,Ewallet,211.96,10.6,7.1
INV-01983,2025-05-06,A,Yangon,Normal,Female,Fashion accessories,81.69,8,32.68,686.2,Ewallet,653.52,32.68,5.7
INV-01984,2025-03-03,C,Naypyitaw,Member,Female,Fashion accessories,182.51,1,9.13,191.64,Credit card,182.51,9.13,7.7
INV-01985,2025-03-10,B,Mandalay,Member,Male,Health and beauty,24.49,10,12.24,257.14,Ewallet,244.9,12.24,7.8
INV-01986,2025-05-27,C,Naypyitaw,Member,Female,Health and beauty,112.45,4,22.49,472.29,Ewallet,449.8,22.49,6.9
INV-01987,2025-10-28,A,Yangon,Member,Male,Electronic accessories,153.74,7,53.81,1129.99,Ewallet,1076.18,53.81,4.9
INV-01988,2025-11-07,A,Yangon,Member,Female,Food and beverages,106.11,2,10.61,222.83,Credit card,212.22,10.61,6.0
INV-01989,2025-02-09,B,Mandalay,Normal,Male,Health and beauty,58.48,1,2.92,61.4,Ewallet,58.48,2.92,7.2
INV-01990,2025-01-22,C,Naypyitaw,Member,Female,Home and lifestyle,129.79,6,38.94,817.68,Credit card,778.74,38.94,6.6
INV-01991,2025-01-24,C,Naypyitaw,Member,Female,Food and beverages,141.8,2,14.18,297.78,Cash,283.6,14.18,9.6
INV-01992,2025-01-29,A,Yangon,Normal,Female,Food and beverages,178.14,6,53.44,1122.28,Ewallet,1068.84,53.44,4.5
INV-01993,2025-07-17,A,Yangon,Normal,Male,Electronic accessories,140.13,2,14.01,294.27,Cash,280.26,14.01,9.7
INV-01994,2025-05-11,A,Yangon,Member,Female,Home and lifestyle,77.6,7,27.16,570.36,Ewallet,543.2,27.16,4.7
INV-01995,2025-09-06,C,Naypyitaw,Member,Female,Sports and travel,154.98,3,23.25,488.19,Credit card,464.94,23.25,8.5
INV-01996,2025-03-01,A,Yangon,Member,Female,Electronic accessories,67.76,9,30.49,640.33,Cash,609.84,30.49,6.1
INV-01997,2025-09-02,A,Yangon,Member,Female,Fashion accessories,183.42,9,82.54,1733.32,Cash,1650.78,82.54,5.3
INV-01998,2025-07-11,C,Naypyitaw,Member,Female,Food and beverages,147.53,1,7.38,154.91,Credit card,147.53,7.38,8.1
INV-01999,2025-11-07,A,Yangon,Member,Female,Health and beauty,106.41,10,53.2,1117.3,Credit card,1064.1,53.2,7.4
INV-02000,2025-08-20,A,Yangon,Normal,Female,Home and lifestyle,120.75,3,18.11,380.36,Ewallet,362.25,18.11,7.4
